method,pct_missing,frac_missing_requested,missingness_actual,replicate,mask_seed,n_pairs_total,n_missing,n_observed,optimized_variables,success,success_numerical,success_valid_matrix,objective_improved,error_message,masked_file,completed_file,run_log_file,runtime_seconds,Delta_total_completed,Delta_normalized_completed,Delta_per_triangle_completed,Delta_relative_to_original,Delta_original,Delta_normalized_original,RMSE_miss,MAE_miss,Pearson_miss,Spearman_miss,max_abs_error_observed,mean_abs_error_observed,Delta_init,Delta_final,Delta_reduction_percent,best_epoch,epochs_used,convergence_epoch,final_learning_rate,stepA_method,stepA_loops,stepA_estimated_pairs,stepA_unfilled_pairs,MW_Qw_final,weighted_fit_pairs,final_tree_edges,n_start_pairs,best_start_pair,n_weighted_lsq_fits,n_graft_evaluations,nnls_backend
MW-proj,30,0.3,0.3047619047619048,1,55,105,32,73,27,True,True,True,True,,missing_p30_rep01_seed55.csv,MWproj_completed_p30_rep01_seed55.csv,mw_proj_outputs/logs/MWproj_completed_p30_rep01_seed55.log,13.973594814999956,45.113831198934406,0.018988135576681928,0.0991512773602954,0.9650965183257609,46.74540871538672,0.02022617682793644,0.015194259200954381,0.007504832249900849,0.9581893842859673,0.9626099706744867,0.0,0.0,175.65836075827397,45.113831198934406,74.31728782837943,0,0,0,,ultrametric,2,32,0,0.0016036923159682974,105,27,105,"(0, 3)",20580,17745,scipy.optimize.nnls
MW-proj,30,0.3,0.3047619047619048,2,56,105,32,73,27,True,True,True,True,,missing_p30_rep02_seed56.csv,MWproj_completed_p30_rep02_seed56.csv,mw_proj_outputs/logs/MWproj_completed_p30_rep02_seed56.log,13.745315385999902,38.739919627781354,0.017292779437014225,0.08514268050061836,0.8287427726571512,46.74540871538672,0.02022617682793644,0.027819829603433783,0.012403181224932225,0.9283287161999373,0.9541788856304986,0.0,0.0,119.95054585020549,38.739919627781354,67.7034236458083,0,0,0,,ultrametric,2,32,0,0.001443774507040749,105,27,105,"(0, 2)",20580,17745,scipy.optimize.nnls
MW-proj,30,0.3,0.3047619047619048,3,57,105,32,73,27,True,True,True,True,,missing_p30_rep03_seed57.csv,MWproj_completed_p30_rep03_seed57.csv,mw_proj_outputs/logs/MWproj_completed_p30_rep03_seed57.log,14.640269453999963,37.89701261612865,0.01672690033023437,0.08329013761786516,0.810710905254198,46.74540871538672,0.02022617682793644,0.020851791530765783,0.010933567967951651,0.9332537550217703,0.9505131964809382,0.0,0.0,173.99044124464842,37.89701261612865,78.21891113958291,0,0,0,,ultrametric,2,32,0,0.0008870638913186105,105,27,105,"(0, 1)",20580,17745,scipy.optimize.nnls
MW-proj,30,0.3,0.3047619047619048,4,58,105,32,73,27,True,True,True,True,,missing_p30_rep04_seed58.csv,MWproj_completed_p30_rep04_seed58.csv,mw_proj_outputs/logs/MWproj_completed_p30_rep04_seed58.log,15.869215703000009,39.04728102852224,0.017069292207596995,0.08581820006268624,0.8353179938219137,46.74540871538672,0.02022617682793644,0.014532869596349326,0.0063581405705621305,0.9543893292815103,0.9640762463343108,0.0,0.0,156.62081995865333,39.04728102852224,75.06890779985035,0,0,0,,ultrametric,2,32,0,0.0017305041333033878,105,27,105,"(0, 3)",20580,17745,scipy.optimize.nnls
MW-proj,30,0.3,0.3047619047619048,5,59,105,32,73,27,True,True,True,True,,missing_p30_rep05_seed59.csv,MWproj_completed_p30_rep05_seed59.csv,mw_proj_outputs/logs/MWproj_completed_p30_rep05_seed59.log,15.071723617999965,45.866863275359506,0.019535140111709967,0.10080629291287803,0.98120573839933,46.74540871538672,0.02022617682793644,0.011528588410296574,0.005387444579481448,0.9737301251380683,0.9758064516129032,0.0,0.0,151.30179422090248,45.866863275359506,69.68518218072595,0,0,0,,ultrametric,2,32,0,0.00139384056278811,105,27,105,"(0, 1)",20580,17745,scipy.optimize.nnls
MW-proj,30,0.3,0.3047619047619048,6,60,105,32,73,27,True,True,True,True,,missing_p30_rep06_seed60.csv,MWproj_completed_p30_rep06_seed60.csv,mw_proj_outputs/logs/MWproj_completed_p30_rep06_seed60.log,13.107946331999983,43.806459496014476,0.018837981999361996,0.09627793295827357,0.9371286015003895,46.74540871538672,0.02022617682793644,0.0041105682413029535,0.003312552187636457,0.9978067195898442,0.9923020527859235,0.0,0.0,168.2627686837393,43.806459496014476,73.96544711661583,0,0,0,,ultrametric,2,32,0,0.001439367586345377,105,27,105,"(0, 1)",20580,17745,scipy.optimize.nnls
MW-proj,30,0.3,0.3047619047619048,7,61,105,32,73,27,True,True,True,True,,missing_p30_rep07_seed61.csv,MWproj_completed_p30_rep07_seed61.csv,mw_proj_outputs/logs/MWproj_completed_p30_rep07_seed61.log,12.809214414000053,37.219982688686855,0.01658095170086189,0.08180215975535572,0.796227559273335,46.74540871538672,0.02022617682793644,0.012985599567719205,0.00630874112783931,0.9847852644546682,0.9868035190615836,0.0,0.0,108.79442294856929,37.219982688686855,65.78870342804065,0,0,0,,ultrametric,2,32,0,0.0012501158609030732,105,27,105,"(0, 1)",20580,17745,scipy.optimize.nnls
MW-proj,30,0.3,0.3047619047619048,8,62,105,32,73,27,True,True,True,True,,missing_p30_rep08_seed62.csv,MWproj_completed_p30_rep08_seed62.csv,mw_proj_outputs/logs/MWproj_completed_p30_rep08_seed62.log,15.38740617999997,45.60906860354228,0.019136061753374123,0.10023971121657645,0.975690872257356,46.74540871538672,0.02022617682793644,0.005788990743812275,0.004472520270681182,0.9909621419017749,0.9816715542521994,0.0,0.0,164.5631846324897,45.60906860354228,72.28476788086071,0,0,0,,ultrametric,2,32,0,0.001510631542588974,105,27,105,"(0, 1)",20580,17745,scipy.optimize.nnls
MW-proj,30,0.3,0.3047619047619048,9,63,105,32,73,27,True,True,True,True,,missing_p30_rep09_seed63.csv,MWproj_completed_p30_rep09_seed63.csv,mw_proj_outputs/logs/MWproj_completed_p30_rep09_seed63.log,15.724359094999954,39.87626742689796,0.017604912577454283,0.08764014819098453,0.853052064849575,46.74540871538672,0.02022617682793644,0.01288491177005029,0.006147191924482272,0.9837811687325922,0.9816715542521994,0.0,0.0,134.26976834364413,39.87626742689796,70.30138063183338,0,0,0,,ultrametric,2,32,0,0.0014825555135343303,105,27,105,"(0, 1)",20580,17745,scipy.optimize.nnls
MW-proj,30,0.3,0.3047619047619048,10,64,105,32,73,27,True,True,True,True,,missing_p30_rep10_seed64.csv,MWproj_completed_p30_rep10_seed64.csv,mw_proj_outputs/logs/MWproj_completed_p30_rep10_seed64.log,14.564189923000072,30.764966231996233,0.013891745491654945,0.06761531039999172,0.6581387793464651,46.74540871538672,0.02022617682793644,0.031849795588865776,0.016954025883639375,0.941999856117314,0.9688416422287388,0.0,0.0,99.24928746819869,30.764966231996233,69.0023303775819,0,0,0,,ultrametric,2,32,0,0.001074343001114775,105,27,105,"(0, 1)",20580,17745,scipy.optimize.nnls
MW-proj,30,0.3,0.3047619047619048,11,65,105,32,73,27,True,True,True,True,,missing_p30_rep11_seed65.csv,MWproj_completed_p30_rep11_seed65.csv,mw_proj_outputs/logs/MWproj_completed_p30_rep11_seed65.log,14.365929292000033,42.108116580785406,0.01790067355201074,0.09254531116656134,0.9007968426838269,46.74540871538672,0.02022617682793644,0.015798085317886186,0.008320187891924676,0.9365816537560543,0.9380498533724339,0.0,0.0,154.67426470819495,42.108116580785406,72.77626199793117,0,0,0,,ultrametric,2,32,0,0.0014457030863179266,105,27,105,"(0, 1)",20580,17745,scipy.optimize.nnls
MW-proj,30,0.3,0.3047619047619048,12,66,105,32,73,27,True,True,True,True,,missing_p30_rep12_seed66.csv,MWproj_completed_p30_rep12_seed66.csv,mw_proj_outputs/logs/MWproj_completed_p30_rep12_seed66.log,14.371230669000056,43.86137216690975,0.018508862261886038,0.0963986201470544,0.9383033194546085,46.74540871538672,0.02022617682793644,0.014336354997758293,0.007491871140710954,0.9770623388242033,0.9857038123167154,0.0,0.0,189.08960224478886,43.86137216690975,76.80392171425252,0,0,0,,ultrametric,2,32,0,0.0013971329865459672,105,27,105,"(0, 1)",20580,17745,scipy.optimize.nnls
MW-proj,30,0.3,0.3047619047619048,13,67,105,32,73,27,True,True,True,True,,missing_p30_rep13_seed67.csv,MWproj_completed_p30_rep13_seed67.csv,mw_proj_outputs/logs/MWproj_completed_p30_rep13_seed67.log,15.073446572999956,32.90383283248455,0.01475360631265539,0.07231611611535065,0.7038944302064455,46.74540871538672,0.02022617682793644,0.02988678709384924,0.015757181722667053,0.9270597739698914,0.971774193548387,0.0,0.0,96.15520044966246,32.90383283248455,65.78049582486202,0,0,0,,ultrametric,2,32,0,0.0019188454105852815,105,27,105,"(0, 1)",20580,17745,scipy.optimize.nnls
MW-proj,30,0.3,0.3047619047619048,14,68,105,32,73,27,True,True,True,True,,missing_p30_rep14_seed68.csv,MWproj_completed_p30_rep14_seed68.csv,mw_proj_outputs/logs/MWproj_completed_p30_rep14_seed68.log,12.36787209900001,40.87798142217801,0.017843611249707944,0.08984171741138024,0.8744812067227173,46.74540871538672,0.02022617682793644,0.004518618716917172,0.0035233926122843467,0.9964819013330408,0.9849706744868034,0.0,0.0,227.7098790202966,40.87798142217801,82.04821784717808,0,0,0,,ultrametric,2,32,0,0.0013348453558500648,105,27,105,"(0, 1)",20580,17745,scipy.optimize.nnls
MW-proj,30,0.3,0.3047619047619048,15,69,105,32,73,27,True,True,True,True,,missing_p30_rep15_seed69.csv,MWproj_completed_p30_rep15_seed69.csv,mw_proj_outputs/logs/MWproj_completed_p30_rep15_seed69.log,16.83085797800004,47.80503550971106,0.020268216970745857,0.10506601210925508,1.0226680399946007,46.74540871538672,0.02022617682793644,0.013769410877777692,0.005306415556524868,0.9566837223081468,0.9497800586510262,0.0,0.0,246.94781214793323,47.80503550971106,80.64164444547758,0,0,0,,ultrametric,2,32,0,0.0017385221671525634,105,27,105,"(0, 1)",20580,17745,scipy.optimize.nnls
MW-proj,30,0.3,0.3047619047619048,16,70,105,32,73,27,True,True,True,True,,missing_p30_rep16_seed70.csv,MWproj_completed_p30_rep16_seed70.csv,mw_proj_outputs/logs/MWproj_completed_p30_rep16_seed70.log,14.304512509000006,37.671844092400505,0.016782010258721728,0.08279526174153957,0.8058939931784239,46.74540871538672,0.02022617682793644,0.018063251455638207,0.00881714081442881,0.9465624032597598,0.9127565982404691,0.0,0.0,120.97050368077187,37.671844092400505,68.85865318721623,0,0,0,,ultrametric,2,32,0,0.0009595101484292084,105,27,105,"(0, 1)",20580,17745,scipy.optimize.nnls
MW-proj,30,0.3,0.3047619047619048,17,71,105,32,73,27,True,True,True,True,,missing_p30_rep17_seed71.csv,MWproj_completed_p30_rep17_seed71.csv,mw_proj_outputs/logs/MWproj_completed_p30_rep17_seed71.log,14.266997372999981,48.0492005387091,0.020633493090223196,0.1056026385466134,1.0278913343396059,46.74540871538672,0.02022617682793644,0.005750354349542671,0.004411209383668435,0.9949082301999606,0.9446480938416421,0.0,0.0,167.75540770450894,48.0492005387091,71.35758471444039,0,0,0,,ultrametric,2,32,0,0.0014412416854070545,105,27,105,"(0, 1)",20580,17745,scipy.optimize.nnls
MW-proj,30,0.3,0.3047619047619048,18,72,105,32,73,27,True,True,True,True,,missing_p30_rep18_seed72.csv,MWproj_completed_p30_rep18_seed72.csv,mw_proj_outputs/logs/MWproj_completed_p30_rep18_seed72.log,16.299572856000054,39.24779873180685,0.017085830582760163,0.08625889831166342,0.8396075638309275,46.74540871538672,0.02022617682793644,0.005245540699699056,0.004295300614335571,0.996668764530868,0.9842375366568914,0.0,0.0,145.2797152141275,39.24779873180685,72.9846670789796,0,0,0,,ultrametric,2,32,0,0.0013305537556145388,105,27,105,"(0, 1)",20580,17745,scipy.optimize.nnls
MW-proj,30,0.3,0.3047619047619048,19,73,105,32,73,27,True,True,True,True,,missing_p30_rep19_seed73.csv,MWproj_completed_p30_rep19_seed73.csv,mw_proj_outputs/logs/MWproj_completed_p30_rep19_seed73.log,14.389185920000045,35.400900200875405,0.01582551738381217,0.07780417626566023,0.7573128821360127,46.74540871538672,0.02022617682793644,0.008801010222183483,0.004318015434709013,0.9909037099367352,0.9890029325513194,0.0,0.0,156.17652711942142,35.400900200875405,77.33276513838351,0,0,0,,ultrametric,2,32,0,0.0012481632890862689,105,27,105,"(0, 1)",20580,17745,scipy.optimize.nnls
MW-proj,30,0.3,0.3047619047619048,20,74,105,32,73,27,True,True,True,True,,missing_p30_rep20_seed74.csv,MWproj_completed_p30_rep20_seed74.csv,mw_proj_outputs/logs/MWproj_completed_p30_rep20_seed74.log,14.667909863999967,42.92790852159655,0.017970445689652656,0.09434705169581659,0.918334221505403,46.74540871538672,0.02022617682793644,0.007656812875159768,0.004726270984048864,0.9835697331603405,0.9611436950146627,0.0,0.0,152.6081343130159,42.92790852159655,71.87049778516607,0,0,0,,ultrametric,2,32,0,0.0011214595263839625,105,27,105,"(0, 1)",20580,17745,scipy.optimize.nnls
MW-proj,30,0.3,0.3047619047619048,21,75,105,32,73,27,True,True,True,True,,missing_p30_rep21_seed75.csv,MWproj_completed_p30_rep21_seed75.csv,mw_proj_outputs/logs/MWproj_completed_p30_rep21_seed75.log,14.83032729699994,42.80365883332384,0.018617095999194023,0.09407397545785459,0.9156762131215377,46.74540871538672,0.02022617682793644,0.010348617690224772,0.0062510836958887045,0.9851119380179342,0.9765395894428152,0.0,0.0,136.9873614178363,42.80365883332384,68.75357084748504,0,0,0,,ultrametric,2,32,0,0.0021045165089246397,105,27,105,"(0, 1)",20580,17745,scipy.optimize.nnls
MW-proj,30,0.3,0.3047619047619048,22,76,105,32,73,27,True,True,True,True,,missing_p30_rep22_seed76.csv,MWproj_completed_p30_rep22_seed76.csv,mw_proj_outputs/logs/MWproj_completed_p30_rep22_seed76.log,17.19834644299999,42.04618897679697,0.01817971824061872,0.09240920654241092,0.8994720579468811,46.74540871538672,0.02022617682793644,0.005706720392955888,0.004352928005857857,0.9933588729815043,0.971041055718475,0.0,0.0,169.80849328431245,42.04618897679697,75.23905420537562,0,0,0,,ultrametric,2,32,0,0.0017193234548665468,105,27,105,"(0, 1)",20580,17745,scipy.optimize.nnls
MW-proj,30,0.3,0.3047619047619048,23,77,105,32,73,27,True,True,True,True,,missing_p30_rep23_seed77.csv,MWproj_completed_p30_rep23_seed77.csv,mw_proj_outputs/logs/MWproj_completed_p30_rep23_seed77.log,15.62567693799997,44.71127991292622,0.018848265883029184,0.0982665492591785,0.9564849498943209,46.74540871538672,0.02022617682793644,0.008579541226967446,0.005656597393246418,0.9824884077756205,0.9464809384164222,0.0,0.0,165.49638458278784,44.71127991292622,72.9835307123825,0,0,0,,ultrametric,2,32,0,0.001655301016856626,105,27,105,"(0, 1)",20580,17745,scipy.optimize.nnls
MW-proj,30,0.3,0.3047619047619048,24,78,105,32,73,27,True,True,True,True,,missing_p30_rep24_seed78.csv,MWproj_completed_p30_rep24_seed78.csv,mw_proj_outputs/logs/MWproj_completed_p30_rep24_seed78.log,15.588453447000006,38.38840332716543,0.017048420494940743,0.08437011720256138,0.8212229688886964,46.74540871538672,0.02022617682793644,0.02371597838352705,0.010512722422746458,0.9459723153998606,0.972873900293255,0.0,0.0,112.30575454724885,38.38840332716543,65.81795520458856,0,0,0,,ultrametric,2,32,0,0.0014359284307842615,105,27,105,"(0, 1)",20580,17745,scipy.optimize.nnls
MW-proj,30,0.3,0.3047619047619048,25,79,105,32,73,27,True,True,True,True,,missing_p30_rep25_seed79.csv,MWproj_completed_p30_rep25_seed79.csv,mw_proj_outputs/logs/MWproj_completed_p30_rep25_seed79.log,15.313151608999988,40.048788316266595,0.01754454978107748,0.0880193149808057,0.8567427137092104,46.74540871538672,0.02022617682793644,0.01382086253431805,0.005563345808677915,0.965395570700821,0.9736070381231671,0.0,0.0,141.6163803142745,40.048788316266595,71.72022881294488,0,0,0,,ultrametric,2,32,0,0.0012198291075258346,105,27,105,"(0, 1)",20580,17745,scipy.optimize.nnls
MW-proj,30,0.3,0.3047619047619048,26,80,105,32,73,27,True,True,True,True,,missing_p30_rep26_seed80.csv,MWproj_completed_p30_rep26_seed80.csv,mw_proj_outputs/logs/MWproj_completed_p30_rep26_seed80.log,13.116313492000018,41.43514318066748,0.01837300669783057,0.09106624874871974,0.886400275863428,46.74540871538672,0.02022617682793644,0.018603487186143294,0.008553778856571638,0.9516678050360324,0.9516129032258064,0.0,0.0,122.98758601152556,41.43514318066748,66.3094914499871,0,0,0,,ultrametric,2,32,0,0.001190230001904303,105,27,105,"(0, 2)",20580,17745,scipy.optimize.nnls
MW-proj,30,0.3,0.3047619047619048,27,81,105,32,73,27,True,True,True,True,,missing_p30_rep27_seed81.csv,MWproj_completed_p30_rep27_seed81.csv,mw_proj_outputs/logs/MWproj_completed_p30_rep27_seed81.log,15.134514081000134,47.62583901217609,0.020372249753988894,0.10467217365313426,1.0188345833523444,46.74540871538672,0.02022617682793644,0.00414932107784314,0.003310387371654487,0.9979398885757661,0.9802052785923753,0.0,0.0,248.00027235437696,47.62583901217609,80.79605374621454,0,0,0,,ultrametric,2,32,0,0.001782465602925555,105,27,105,"(0, 1)",20580,17745,scipy.optimize.nnls
MW-proj,30,0.3,0.3047619047619048,28,82,105,32,73,27,True,True,True,True,,missing_p30_rep28_seed82.csv,MWproj_completed_p30_rep28_seed82.csv,mw_proj_outputs/logs/MWproj_completed_p30_rep28_seed82.log,15.898410581999997,38.112224198791274,0.0169221108571052,0.08376313010723357,0.8153148137144482,46.74540871538672,0.02022617682793644,0.010360528248016636,0.005931772313935194,0.9851063949136006,0.9670087976539589,0.0,0.0,156.68465377724513,38.112224198791274,75.67584107313118,0,0,0,,ultrametric,2,32,0,0.0013843597750401579,105,27,105,"(0, 1)",20580,17745,scipy.optimize.nnls
MW-proj,30,0.3,0.3047619047619048,29,83,105,32,73,27,True,True,True,True,,missing_p30_rep29_seed83.csv,MWproj_completed_p30_rep29_seed83.csv,mw_proj_outputs/logs/MWproj_completed_p30_rep29_seed83.log,13.364231851000113,48.28730637030204,0.020208167207672826,0.10612594806659789,1.0329850074539575,46.74540871538672,0.02022617682793644,0.00904172420932085,0.004312046704536781,0.9882369541025307,0.9820381231671553,0.0,0.0,199.92129525491697,48.28730637030204,75.84684197412209,0,0,0,,ultrametric,2,32,0,0.0015533814246342322,105,27,105,"(0, 1)",20580,17745,scipy.optimize.nnls
MW-proj,30,0.3,0.3047619047619048,30,84,105,32,73,27,True,True,True,True,,missing_p30_rep30_seed84.csv,MWproj_completed_p30_rep30_seed84.csv,mw_proj_outputs/logs/MWproj_completed_p30_rep30_seed84.log,18.17717536600003,41.006656946185274,0.017727381853189474,0.09012452076084676,0.8772338946880899,46.74540871538672,0.02022617682793644,0.017713666036431146,0.008646598956352112,0.9445182607735578,0.9428152492668621,0.0,0.0,135.44177060970947,41.006656946185274,69.7237737209221,0,0,0,,ultrametric,2,32,0,0.0013062690991632185,105,27,105,"(0, 1)",20580,17745,scipy.optimize.nnls
MW-proj,50,0.5,0.49523809523809526,1,55,105,52,53,27,True,True,True,True,,missing_p50_rep01_seed55.csv,MWproj_completed_p50_rep01_seed55.csv,mw_proj_outputs/logs/MWproj_completed_p50_rep01_seed55.log,11.555720327000017,29.421107176848686,0.01325828936255258,0.06466177401505206,0.6293903077408419,46.74540871538672,0.02022617682793644,0.038862221377709276,0.021538093968397065,0.8547922856802164,0.8866217023819688,0.0,0.0,87.2662918380153,29.421107176848686,66.28582863190694,0,0,0,,ultrametric,2,52,0,0.002867697938830435,105,27,105,"(0, 1)",20580,17745,scipy.optimize.nnls
MW-proj,50,0.5,0.49523809523809526,2,56,105,52,53,27,True,True,True,True,,missing_p50_rep02_seed56.csv,MWproj_completed_p50_rep02_seed56.csv,mw_proj_outputs/logs/MWproj_completed_p50_rep02_seed56.log,13.40996779000011,36.23400240585743,0.0161829801676094,0.07963517012276358,0.7751350004547215,46.74540871538672,0.02022617682793644,0.026994247873000175,0.015225967425725018,0.9524131179949157,0.9710577990267225,0.0,0.0,113.52431182943447,36.23400240585743,68.08260554770197,0,0,0,,ultrametric,2,52,0,0.0021933175340533447,105,27,105,"(0, 10)",20580,17745,scipy.optimize.nnls
MW-proj,50,0.5,0.49523809523809526,3,57,105,52,53,27,True,True,True,True,,missing_p50_rep03_seed57.csv,MWproj_completed_p50_rep03_seed57.csv,mw_proj_outputs/logs/MWproj_completed_p50_rep03_seed57.log,11.966194761999986,27.21079174697563,0.012149666636262083,0.059803937905440946,0.5821061895650711,46.74540871538672,0.02022617682793644,0.021556335504969083,0.011715377569071555,0.9221165478872065,0.9087338854264492,0.0,0.0,122.46613715751425,27.21079174697563,77.78096674023655,0,0,0,,ultrametric,2,52,0,0.0007913255588291401,105,27,105,"(7, 12)",20580,17745,scipy.optimize.nnls
MW-proj,50,0.5,0.49523809523809526,4,58,105,52,53,27,True,True,True,True,,missing_p50_rep04_seed58.csv,MWproj_completed_p50_rep04_seed58.csv,mw_proj_outputs/logs/MWproj_completed_p50_rep04_seed58.log,13.70459659800008,32.15232667635941,0.014414802769045136,0.07066445423375695,0.6878178533451595,46.74540871538672,0.02022617682793644,0.01791450269560771,0.00975261166934968,0.9552640157801272,0.9364808332621872,0.0,0.0,105.41593421448431,32.15232667635941,69.49955723871805,0,0,0,,ultrametric,2,52,0,0.0025399153413319907,105,27,105,"(2, 5)",20580,17745,scipy.optimize.nnls
MW-proj,50,0.5,0.49523809523809526,5,59,105,52,53,27,True,True,True,True,,missing_p50_rep05_seed59.csv,MWproj_completed_p50_rep05_seed59.csv,mw_proj_outputs/logs/MWproj_completed_p50_rep05_seed59.log,18.712492667999868,40.321698697302395,0.017364268862597277,0.08861911801604921,0.862580942286854,46.74540871538672,0.02022617682793644,0.01707079971442794,0.008562501110084466,0.9488101357772505,0.9316144454879194,0.0,0.0,178.77214482810564,40.321698697302395,77.44520057301276,0,0,0,,ultrametric,2,52,0,0.0012004598953361677,105,27,105,"(0, 1)",20580,17745,scipy.optimize.nnls
MW-proj,50,0.5,0.49523809523809526,6,60,105,52,53,27,True,True,True,True,,missing_p50_rep06_seed60.csv,MWproj_completed_p50_rep06_seed60.csv,mw_proj_outputs/logs/MWproj_completed_p50_rep06_seed60.log,15.298492400999976,36.127977957136,0.0158256268701182,0.07940214935634285,0.772866875057274,46.74540871538672,0.02022617682793644,0.007634820060028893,0.004931682073118111,0.9887002287790203,0.9518483736019806,0.0,0.0,150.33136768239433,36.127977957136,75.96777138789575,0,0,0,,ultrametric,2,52,0,0.001499822851139058,105,27,105,"(0, 1)",20580,17745,scipy.optimize.nnls
MW-proj,50,0.5,0.49523809523809526,7,61,105,52,53,27,True,True,True,True,,missing_p50_rep07_seed61.csv,MWproj_completed_p50_rep07_seed61.csv,mw_proj_outputs/logs/MWproj_completed_p50_rep07_seed61.log,12.079278579999936,29.613906389926974,0.013413357252514893,0.06508550854929006,0.6335147601389837,46.74540871538672,0.02022617682793644,0.0332630003187146,0.0157318714600937,0.8696581120822205,0.9383590881926065,0.0,0.0,85.6717299534607,29.613906389926974,65.4332807263095,0,0,0,,ultrametric,2,52,0,0.0012589027911259806,105,27,105,"(0, 1)",20580,17745,scipy.optimize.nnls
MW-proj,50,0.5,0.49523809523809526,8,62,105,52,53,27,True,True,True,True,,missing_p50_rep08_seed62.csv,MWproj_completed_p50_rep08_seed62.csv,mw_proj_outputs/logs/MWproj_completed_p50_rep08_seed62.log,16.949594826000066,35.3766993412838,0.015678205924646825,0.07775098756326111,0.7567951658456503,46.74540871538672,0.02022617682793644,0.010441365164473006,0.006236574495275129,0.9778649863420439,0.9504823700162213,0.0,0.0,153.08884170448022,35.3766993412838,76.89139264011527,0,0,0,,ultrametric,2,52,0,0.0011003272356249958,105,27,105,"(0, 1)",20580,17745,scipy.optimize.nnls
MW-proj,50,0.5,0.49523809523809526,9,63,105,52,53,27,True,True,True,True,,missing_p50_rep09_seed63.csv,MWproj_completed_p50_rep09_seed63.csv,mw_proj_outputs/logs/MWproj_completed_p50_rep09_seed63.log,15.68528746600009,33.23263995762693,0.014887095456300393,0.07303876913764161,0.7109284285001464,46.74540871538672,0.02022617682793644,0.018079512501213302,0.010242926618201066,0.9572027171014189,0.9225646717322633,0.0,0.0,134.6843392424319,33.23263995762693,75.32553514049755,0,0,0,,ultrametric,2,52,0,0.001883374208326647,105,27,105,"(0, 1)",20580,17745,scipy.optimize.nnls
MW-proj,50,0.5,0.49523809523809526,10,64,105,52,53,27,True,True,True,True,,missing_p50_rep10_seed64.csv,MWproj_completed_p50_rep10_seed64.csv,mw_proj_outputs/logs/MWproj_completed_p50_rep10_seed64.log,14.206468235000102,26.091895004745624,0.011837560365675206,0.05734482418625412,0.5581702186755555,46.74540871538672,0.02022617682793644,0.03380993110957102,0.016550168132667686,0.8703765131329139,0.9539827542047298,0.0,0.0,107.06149069833141,26.091895004745624,75.62905687698193,0,0,0,,ultrametric,2,52,0,0.0012359833685960538,105,27,105,"(0, 1)",20580,17745,scipy.optimize.nnls
MW-proj,50,0.5,0.49523809523809526,11,65,105,52,53,27,True,True,True,True,,missing_p50_rep11_seed65.csv,MWproj_completed_p50_rep11_seed65.csv,mw_proj_outputs/logs/MWproj_completed_p50_rep11_seed65.log,13.549390820000099,36.14141459589713,0.015085627185906551,0.07943168043054315,0.7731543180197036,46.74540871538672,0.02022617682793644,0.01838254390923094,0.01052444162194848,0.936428755149902,0.9264065568172115,0.0,0.0,167.2245234755545,36.14141459589713,78.38749135309664,0,0,0,,ultrametric,2,52,0,0.0014144111860093932,105,27,105,"(0, 5)",20580,17745,scipy.optimize.nnls
MW-proj,50,0.5,0.49523809523809526,12,66,105,52,53,27,True,True,True,True,,missing_p50_rep12_seed66.csv,MWproj_completed_p50_rep12_seed66.csv,mw_proj_outputs/logs/MWproj_completed_p50_rep12_seed66.log,16.409112264999976,37.460420168950044,0.01587029652569361,0.08233059377791219,0.8013711121242068,46.74540871538672,0.02022617682793644,0.017267320603404267,0.009054035387571333,0.9695989111984279,0.9845470844360967,0.0,0.0,112.98654567308313,37.460420168950044,66.84523812477767,0,0,0,,ultrametric,2,52,0,0.0016885676699525082,105,27,105,"(0, 1)",20580,17745,scipy.optimize.nnls
MW-proj,50,0.5,0.49523809523809526,13,67,105,52,53,27,True,True,True,True,,missing_p50_rep13_seed67.csv,MWproj_completed_p50_rep13_seed67.csv,mw_proj_outputs/logs/MWproj_completed_p50_rep13_seed67.log,18.510429447999968,28.6178916458955,0.012962231256563945,0.06289646515581429,0.6122075393572425,46.74540871538672,0.02022617682793644,0.0423239876057158,0.023127399985664814,0.802164163565735,0.8440194655510971,0.0,0.0,75.57226351567445,28.6178916458955,62.13175268998015,0,0,0,,ultrametric,2,52,0,0.004926869758424699,105,27,105,"(0, 3)",20580,17745,scipy.optimize.nnls
MW-proj,50,0.5,0.49523809523809526,14,68,105,52,53,27,True,True,True,True,,missing_p50_rep14_seed68.csv,MWproj_completed_p50_rep14_seed68.csv,mw_proj_outputs/logs/MWproj_completed_p50_rep14_seed68.log,13.171303365000085,31.126813900207317,0.01397736436954386,0.06841058000045565,0.6658795966407202,46.74540871538672,0.02022617682793644,0.028430359494741923,0.013908679537119127,0.9138371629740054,0.9287116878681806,0.0,0.0,120.34077846405486,31.126813900207317,74.13444195933573,0,0,0,,ultrametric,2,52,0,0.0038242011920594145,105,27,105,"(0, 2)",20580,17745,scipy.optimize.nnls
MW-proj,50,0.5,0.49523809523809526,15,69,105,52,53,27,True,True,True,True,,missing_p50_rep15_seed69.csv,MWproj_completed_p50_rep15_seed69.csv,mw_proj_outputs/logs/MWproj_completed_p50_rep15_seed69.log,16.58556922699995,40.627640011306525,0.017566474799313017,0.08929151650836599,0.869125784281217,46.74540871538672,0.02022617682793644,0.016496776552186402,0.008165901890051995,0.9506157942402336,0.955604883462819,0.0,0.0,161.39795135513293,40.627640011306525,74.82766065480519,0,0,0,,ultrametric,2,52,0,0.001739697847779366,105,27,105,"(0, 1)",20580,17745,scipy.optimize.nnls
MW-proj,50,0.5,0.49523809523809526,16,70,105,52,53,27,True,True,True,True,,missing_p50_rep16_seed70.csv,MWproj_completed_p50_rep16_seed70.csv,mw_proj_outputs/logs/MWproj_completed_p50_rep16_seed70.log,12.023799001000043,28.513145888732573,0.012797812537895279,0.06266625470051115,0.6099667683373401,46.74540871538672,0.02022617682793644,0.01695389424481319,0.009349933229562912,0.9420103211361044,0.8865363271578587,0.0,0.0,143.08394886503635,28.513145888732573,80.07243571700168,0,0,0,,ultrametric,2,52,0,0.0008790486013771758,105,27,105,"(0, 3)",20580,17745,scipy.optimize.nnls
MW-proj,50,0.5,0.49523809523809526,17,71,105,52,53,27,True,True,True,True,,missing_p50_rep17_seed71.csv,MWproj_completed_p50_rep17_seed71.csv,mw_proj_outputs/logs/MWproj_completed_p50_rep17_seed71.log,11.768677928999978,40.58237217237786,0.01749190467957507,0.08919202675247881,0.8681573931563414,46.74540871538672,0.02022617682793644,0.018930011174489596,0.011082699426103956,0.947562004181175,0.9508238709126612,0.0,0.0,147.26884311136052,40.58237217237786,72.44334150048927,0,0,0,,ultrametric,2,52,0,0.0018983880266890756,105,27,105,"(0, 11)",20580,17745,scipy.optimize.nnls
MW-proj,50,0.5,0.49523809523809526,18,72,105,52,53,27,True,True,True,True,,missing_p50_rep18_seed72.csv,MWproj_completed_p50_rep18_seed72.csv,mw_proj_outputs/logs/MWproj_completed_p50_rep18_seed72.log,12.341931488,35.94530887118117,0.015520783449328088,0.07900067883776081,0.7689591311531181,46.74540871538672,0.02022617682793644,0.014288925511660876,0.007904866949890359,0.9625842081832963,0.9394689661060359,0.0,0.0,151.41087380277344,35.94530887118117,76.25975732891996,0,0,0,,ultrametric,2,52,0,0.0013156023414070488,105,27,105,"(0, 1)",20580,17745,scipy.optimize.nnls
MW-proj,50,0.5,0.49523809523809526,19,73,105,52,53,27,True,True,True,True,,missing_p50_rep19_seed73.csv,MWproj_completed_p50_rep19_seed73.csv,mw_proj_outputs/logs/MWproj_completed_p50_rep19_seed73.log,12.151615928999945,30.189231162317057,0.01363167892862517,0.06634995859849903,0.6458223811054189,46.74540871538672,0.02022617682793644,0.021584197153953683,0.009164241819049953,0.944682785875652,0.9889865960898147,0.0,0.0,116.21690213017624,30.189231162317057,74.02337301290163,0,0,0,,ultrametric,2,52,0,0.001788303538518682,105,27,105,"(0, 4)",20580,17745,scipy.optimize.nnls
MW-proj,50,0.5,0.49523809523809526,20,74,105,52,53,27,True,True,True,True,,missing_p50_rep20_seed74.csv,MWproj_completed_p50_rep20_seed74.csv,mw_proj_outputs/logs/MWproj_completed_p50_rep20_seed74.log,12.210735267000018,37.68944967232886,0.016200852041287718,0.0828339553237997,0.8062706201116817,46.74540871538672,0.02022617682793644,0.007457306433517279,0.003986887090293217,0.9879732789588055,0.9512507470332109,0.0,0.0,143.09949939301978,37.68944967232886,73.66206742008539,0,0,0,,ultrametric,2,52,0,0.0010085049999611839,105,27,105,"(0, 1)",20580,17745,scipy.optimize.nnls
MW-proj,50,0.5,0.49523809523809526,21,75,105,52,53,27,True,True,True,True,,missing_p50_rep21_seed75.csv,MWproj_completed_p50_rep21_seed75.csv,mw_proj_outputs/logs/MWproj_completed_p50_rep21_seed75.log,12.270852082999909,45.38129882890716,0.019697469201083374,0.09973911830529046,0.9708183129858794,46.74540871538672,0.02022617682793644,0.009633301161669848,0.006190703201310311,0.9879669068398954,0.9644839067702552,0.0,0.0,129.06386388979803,45.38129882890716,64.83810614281914,0,0,0,,ultrametric,2,52,0,0.0020641951966081998,105,27,105,"(0, 1)",20580,17745,scipy.optimize.nnls
MW-proj,50,0.5,0.49523809523809526,22,76,105,52,53,27,True,True,True,True,,missing_p50_rep22_seed76.csv,MWproj_completed_p50_rep22_seed76.csv,mw_proj_outputs/logs/MWproj_completed_p50_rep22_seed76.log,14.971701403999987,33.81869143406368,0.014824790104728853,0.07432679436057951,0.7234655202176448,46.74540871538672,0.02022617682793644,0.008522934284903734,0.005726193635266663,0.9841405235126437,0.920942542474174,0.0,0.0,159.90023050661745,33.81869143406368,78.85012965465106,0,0,0,,ultrametric,2,52,0,0.0014019043111484929,105,27,105,"(0, 1)",20580,17745,scipy.optimize.nnls
MW-proj,50,0.5,0.49523809523809526,23,77,105,52,53,27,True,True,True,True,,missing_p50_rep23_seed77.csv,MWproj_completed_p50_rep23_seed77.csv,mw_proj_outputs/logs/MWproj_completed_p50_rep23_seed77.log,15.913722946000007,33.95380331395386,0.015145567302863037,0.07462374354715134,0.7263558977670811,46.74540871538672,0.02022617682793644,0.015591236674336637,0.008931309027553484,0.9610381295581872,0.9241014257662425,0.0,0.0,157.1443837707451,33.95380331395386,78.39324416233137,0,0,0,,ultrametric,2,52,0,0.0012130757605701926,105,27,105,"(0, 6)",20580,17745,scipy.optimize.nnls
MW-proj,50,0.5,0.49523809523809526,24,78,105,52,53,27,True,True,True,True,,missing_p50_rep24_seed78.csv,MWproj_completed_p50_rep24_seed78.csv,mw_proj_outputs/logs/MWproj_completed_p50_rep24_seed78.log,16.017877968999983,32.39486715323308,0.014516770418773244,0.07119751022688589,0.693006394499017,46.74540871538672,0.02022617682793644,0.01960678540163148,0.009067625580574553,0.9458382034816805,0.9618372748228464,0.0,0.0,109.31298138852655,32.39486715323308,70.36503190952833,0,0,0,,ultrametric,2,52,0,0.00125555361127842,105,27,105,"(0, 1)",20580,17745,scipy.optimize.nnls
MW-proj,50,0.5,0.49523809523809526,25,79,105,52,53,27,True,True,True,True,,missing_p50_rep25_seed79.csv,MWproj_completed_p50_rep25_seed79.csv,mw_proj_outputs/logs/MWproj_completed_p50_rep25_seed79.log,14.074936328000149,32.441243992793446,0.014318471828104968,0.07129943734679878,0.6939985098924824,46.74540871538672,0.02022617682793644,0.022644976937208454,0.011657291638074739,0.9157388772781782,0.946469734483053,0.0,0.0,132.44859881615182,32.441243992793446,75.5065404370006,0,0,0,,ultrametric,2,52,0,0.0012670014763101326,105,27,105,"(0, 1)",20580,17745,scipy.optimize.nnls
MW-proj,50,0.5,0.49523809523809526,26,80,105,52,53,27,True,True,True,True,,missing_p50_rep26_seed80.csv,MWproj_completed_p50_rep26_seed80.csv,mw_proj_outputs/logs/MWproj_completed_p50_rep26_seed80.log,13.629113786999824,39.04689846046746,0.017364280528309323,0.08581735925377464,0.8353098097442622,46.74540871538672,0.02022617682793644,0.01644126416473874,0.008271735724866912,0.949709436578524,0.9269188081618713,0.0,0.0,143.14419673752403,39.04689846046746,72.72198290227182,0,0,0,,ultrametric,2,52,0,0.0015749248179164762,105,27,105,"(0, 2)",20580,17745,scipy.optimize.nnls
MW-proj,50,0.5,0.49523809523809526,27,81,105,52,53,27,True,True,True,True,,missing_p50_rep27_seed81.csv,MWproj_completed_p50_rep27_seed81.csv,mw_proj_outputs/logs/MWproj_completed_p50_rep27_seed81.log,13.062302829999908,42.38869019434863,0.017144834684589737,0.09316195647109589,0.9067990067738131,46.74540871538672,0.02022617682793644,0.005980096727098507,0.0048580852868338985,0.9952057943409524,0.9828395799538974,0.0,0.0,170.6256343218322,42.38869019434863,75.15690396532356,0,0,0,,ultrametric,2,52,0,0.001572968430983662,105,27,105,"(0, 1)",20580,17745,scipy.optimize.nnls
MW-proj,50,0.5,0.49523809523809526,28,82,105,52,53,27,True,True,True,True,,missing_p50_rep28_seed82.csv,MWproj_completed_p50_rep28_seed82.csv,mw_proj_outputs/logs/MWproj_completed_p50_rep28_seed82.log,13.14676015100008,32.58517316065168,0.014613268304526009,0.07161576518824544,0.697077511056737,46.74540871538672,0.02022617682793644,0.026618431928817715,0.012848490368907882,0.9006896456789646,0.951336122257321,0.0,0.0,140.0370794902471,32.58517316065168,76.73103917957596,0,0,0,,ultrametric,2,52,0,0.00424638660641733,105,27,105,"(0, 2)",20580,17745,scipy.optimize.nnls
MW-proj,50,0.5,0.49523809523809526,29,83,105,52,53,27,True,True,True,True,,missing_p50_rep29_seed83.csv,MWproj_completed_p50_rep29_seed83.csv,mw_proj_outputs/logs/MWproj_completed_p50_rep29_seed83.log,13.72596152799997,32.96097960682516,0.01421170949930319,0.07244171342159376,0.705116941163373,46.74540871538672,0.02022617682793644,0.01650785454168702,0.0075837806616346395,0.9492077885810846,0.950994621360881,0.0,0.0,140.33186297234113,32.96097960682516,76.51211997853855,0,0,0,,ultrametric,2,52,0,0.0009523347784800473,105,27,105,"(0, 1)",20580,17745,scipy.optimize.nnls
MW-proj,50,0.5,0.49523809523809526,30,84,105,52,53,27,True,True,True,True,,missing_p50_rep30_seed84.csv,MWproj_completed_p50_rep30_seed84.csv,mw_proj_outputs/logs/MWproj_completed_p50_rep30_seed84.log,15.03337706100001,33.320660162699326,0.01451670003574331,0.07323222013780072,0.7128113985605499,46.74540871538672,0.02022617682793644,0.043642544710057345,0.02496008444205237,0.7168964665193545,0.6182873730043541,0.0,0.0,124.66447784294982,33.320660162699326,73.27172845124646,0,0,0,,ultrametric,3,52,0,0.0011096760965258736,105,27,105,"(0, 1)",20580,17745,scipy.optimize.nnls
MW-proj,65,0.65,0.6476190476190476,1,55,105,68,37,27,True,True,True,True,,missing_p65_rep01_seed55.csv,MWproj_completed_p65_rep01_seed55.csv,mw_proj_outputs/logs/MWproj_completed_p65_rep01_seed55.log,14.762045284999886,23.49172580940709,0.010621735560821315,0.05163016661408151,0.5025461634625638,46.74540871538672,0.02022617682793644,0.04966635390601317,0.03215233502150549,0.6933232425925423,0.7446654197045462,0.0,0.0,74.87539479463322,23.49172580940709,68.62557336246476,0,0,0,,ultrametric,2,68,0,0.001415766880561186,105,27,105,"(0, 1)",20580,17745,scipy.optimize.nnls
MW-proj,65,0.65,0.6476190476190476,2,56,105,68,37,27,True,True,True,True,,missing_p65_rep02_seed56.csv,MWproj_completed_p65_rep02_seed56.csv,mw_proj_outputs/logs/MWproj_completed_p65_rep02_seed56.log,16.368590642000072,24.38128087845267,0.01109492719711808,0.05358523269989598,0.5215759482797575,46.74540871538672,0.02022617682793644,0.026858176323479276,0.01633859907965963,0.9492378355948654,0.9671718135664389,0.0,0.0,75.28156574288073,24.38128087845267,67.61321229459368,0,0,0,,ultrametric,2,68,0,0.0014521938340624123,105,27,105,"(0, 1)",20580,17745,scipy.optimize.nnls
MW-proj,65,0.65,0.6476190476190476,3,57,105,68,37,27,True,True,True,True,,missing_p65_rep03_seed57.csv,MWproj_completed_p65_rep03_seed57.csv,mw_proj_outputs/logs/MWproj_completed_p65_rep03_seed57.log,12.556220482999834,18.01634645385297,0.008231912891683532,0.03959636583264389,0.385414245996799,46.74540871538672,0.02022617682793644,0.01924745971211637,0.01007982446983175,0.9335644822500145,0.911516585868611,0.0,0.0,149.8095494570293,18.01634645385297,87.97383309732155,0,0,0,,ultrametric,3,68,0,0.0005898785224927507,105,27,105,"(0, 4)",20580,17745,scipy.optimize.nnls
MW-proj,65,0.65,0.6476190476190476,4,58,105,68,37,27,True,True,True,True,,missing_p65_rep04_seed58.csv,MWproj_completed_p65_rep04_seed58.csv,mw_proj_outputs/logs/MWproj_completed_p65_rep04_seed58.log,15.942592775000094,27.70552092448404,0.012425631070398124,0.0608912547790858,0.5926896712610086,46.74540871538672,0.02022617682793644,0.017346114619129265,0.010974136637221044,0.9529610767750336,0.9265564759323586,0.0,0.0,106.00667880392271,27.70552092448404,73.86436285233492,0,0,0,,ultrametric,2,68,0,0.0020533338634043663,105,27,105,"(0, 1)",20580,17745,scipy.optimize.nnls
MW-proj,65,0.65,0.6476190476190476,5,59,105,68,37,27,True,True,True,True,,missing_p65_rep05_seed59.csv,MWproj_completed_p65_rep05_seed59.csv,mw_proj_outputs/logs/MWproj_completed_p65_rep05_seed59.log,16.635102561000167,37.55987019211195,0.015759478636595624,0.08254916525738891,0.8034985942854478,46.74540871538672,0.02022617682793644,0.027320511540906825,0.016561763507535514,0.8731521165129645,0.8353628278047104,0.0,0.0,91.48064287292144,37.55987019211195,58.942275641539254,0,0,0,,ultrametric,2,68,0,0.003704321525713896,105,27,105,"(0, 1)",20580,17745,scipy.optimize.nnls
MW-proj,65,0.65,0.6476190476190476,6,60,105,68,37,27,True,True,True,True,,missing_p65_rep06_seed60.csv,MWproj_completed_p65_rep06_seed60.csv,mw_proj_outputs/logs/MWproj_completed_p65_rep06_seed60.log,14.905732556999965,22.896082093140272,0.010227539668131494,0.050321059545363235,0.48980386999170245,46.74540871538672,0.02022617682793644,0.03138501724410559,0.016636240474827372,0.8608437549278644,0.8737259991602091,0.0,0.0,233.19278995895343,22.896082093140272,90.18147941144731,0,0,0,,ultrametric,3,68,0,0.0009848634458026059,105,27,105,"(0, 3)",20580,17745,scipy.optimize.nnls
MW-proj,65,0.65,0.6476190476190476,7,61,105,68,37,27,True,True,True,True,,missing_p65_rep07_seed61.csv,MWproj_completed_p65_rep07_seed61.csv,mw_proj_outputs/logs/MWproj_completed_p65_rep07_seed61.log,12.800960079999868,22.143592236109647,0.010071764801182414,0.048667235683757464,0.47370624933312133,46.74540871538672,0.02022617682793644,0.05429682915113561,0.0328736718217038,0.5930905777502204,0.542810245447952,0.0,0.0,53.74233474672694,22.143592236109647,58.796743125384495,0,0,0,,ultrametric,2,68,0,0.002577525537555425,105,27,105,"(0, 3)",20580,17745,scipy.optimize.nnls
MW-proj,65,0.65,0.6476190476190476,8,62,105,68,37,27,True,True,True,True,,missing_p65_rep08_seed62.csv,MWproj_completed_p65_rep08_seed62.csv,mw_proj_outputs/logs/MWproj_completed_p65_rep08_seed62.log,15.492769922999969,25.960832363656767,0.011670225681075843,0.05705677442561927,0.5553664643670448,46.74540871538672,0.02022617682793644,0.011839463386319473,0.007820671587654498,0.9721224909423529,0.9369393441997174,0.0,0.0,140.88718631916515,25.960832363656767,81.57331902076231,0,0,0,,ultrametric,2,68,0,0.0007299988518073659,105,27,105,"(0, 1)",20580,17745,scipy.optimize.nnls
MW-proj,65,0.65,0.6476190476190476,9,63,105,68,37,27,True,True,True,True,,missing_p65_rep09_seed63.csv,MWproj_completed_p65_rep09_seed63.csv,mw_proj_outputs/logs/MWproj_completed_p65_rep09_seed63.log,15.303288205999934,39.04492596874411,0.017160699446792133,0.08581302410712992,0.8352676132638472,46.74540871538672,0.02022617682793644,0.02004482812972481,0.0121382822985393,0.9404799277259225,0.8890712677024086,0.0,0.0,110.09603730464872,39.04492596874411,64.53557555327609,0,0,0,,ultrametric,2,68,0,0.004802283432517531,105,27,105,"(0, 9)",20580,17745,scipy.optimize.nnls
MW-proj,65,0.65,0.6476190476190476,10,64,105,68,37,27,True,True,True,True,,missing_p65_rep10_seed64.csv,MWproj_completed_p65_rep10_seed64.csv,mw_proj_outputs/logs/MWproj_completed_p65_rep10_seed64.log,14.051712518000159,16.786178001126746,0.007690526690530214,0.036892698903575265,0.3590978977920757,46.74540871538672,0.02022617682793644,0.03861909402812522,0.01916431205843247,0.8288237302139417,0.906783219452609,0.0,0.0,80.84878259330107,16.786178001126746,79.23756244349731,0,0,0,,ultrametric,2,68,0,0.0007072691062645668,105,27,105,"(0, 2)",20580,17745,scipy.optimize.nnls
MW-proj,65,0.65,0.6476190476190476,11,65,105,68,37,27,True,True,True,True,,missing_p65_rep11_seed65.csv,MWproj_completed_p65_rep11_seed65.csv,mw_proj_outputs/logs/MWproj_completed_p65_rep11_seed65.log,16.359389196000166,24.99708376371938,0.011248907762969529,0.05493864563454809,0.5347494962749431,46.74540871538672,0.02022617682793644,0.03552157283620135,0.01776589036490864,0.7928894082857335,0.82780471046303,0.0,0.0,100.98911245420268,24.99708376371938,75.24774388421795,0,0,0,,ultrametric,2,68,0,0.0032278456747184842,105,27,105,"(1, 5)",20580,17745,scipy.optimize.nnls
MW-proj,65,0.65,0.6476190476190476,12,66,105,68,37,27,True,True,True,True,,missing_p65_rep12_seed66.csv,MWproj_completed_p65_rep12_seed66.csv,mw_proj_outputs/logs/MWproj_completed_p65_rep12_seed66.log,11.66546114200014,44.171028353249525,0.016393125395671056,0.097079183193955,0.9449276317635487,46.74540871538672,0.02022617682793644,0.023205086075742305,0.011780365497150506,0.9211271698177848,0.9490017940985609,0.0,0.0,100.28151676153244,44.171028353249525,55.95297141517375,0,0,0,,ultrametric,3,68,0,0.004109287956341475,105,27,105,"(0, 1)",20580,17745,scipy.optimize.nnls
MW-proj,65,0.65,0.6476190476190476,13,67,105,68,37,27,True,True,True,True,,missing_p65_rep13_seed67.csv,MWproj_completed_p65_rep13_seed67.csv,mw_proj_outputs/logs/MWproj_completed_p65_rep13_seed67.log,13.000728239999944,25.6341739739484,0.011596844889298507,0.05633884389878769,0.548378432842981,46.74540871538672,0.02022617682793644,0.04361915226113066,0.02478415066116418,0.7555514947086982,0.8097110356147649,0.0,0.0,60.24300814007559,25.6341739739484,57.44871518642556,0,0,0,,ultrametric,2,68,0,0.0033616687859704462,105,27,105,"(0, 4)",20580,17745,scipy.optimize.nnls
MW-proj,65,0.65,0.6476190476190476,14,68,105,68,37,27,True,True,True,True,,missing_p65_rep14_seed68.csv,MWproj_completed_p65_rep14_seed68.csv,mw_proj_outputs/logs/MWproj_completed_p65_rep14_seed68.log,12.319647622000048,29.89315202863328,0.013440045287002213,0.06569923522776545,0.6394885155596821,46.74540871538672,0.02022617682793644,0.02714782922786311,0.014137947376215177,0.9070340603753968,0.9042638470053822,0.0,0.0,97.4114016972656,29.89315202863328,69.31247111961802,0,0,0,,ultrametric,2,68,0,0.003589453928971161,105,27,105,"(0, 1)",20580,17745,scipy.optimize.nnls
MW-proj,65,0.65,0.6476190476190476,15,69,105,68,37,27,True,True,True,True,,missing_p65_rep15_seed69.csv,MWproj_completed_p65_rep15_seed69.csv,mw_proj_outputs/logs/MWproj_completed_p65_rep15_seed69.log,17.34655716600014,45.73455634203923,0.01820863180068582,0.10051550844404225,0.9783753656000281,46.74540871538672,0.02022617682793644,0.030665917508440107,0.016739902353936027,0.8603459910953223,0.908004733366416,0.0,0.0,92.09073223810672,45.73455634203923,50.33750386109486,0,0,0,,ultrametric,2,68,0,0.002523828315116015,105,27,105,"(0, 4)",20580,17745,scipy.optimize.nnls
MW-proj,65,0.65,0.6476190476190476,16,70,105,68,37,27,True,True,True,True,,missing_p65_rep16_seed70.csv,MWproj_completed_p65_rep16_seed70.csv,mw_proj_outputs/logs/MWproj_completed_p65_rep16_seed70.log,14.67811193500006,24.74672361544632,0.011124671965827669,0.05438840355043147,0.5293936729940428,46.74540871538672,0.02022617682793644,0.019472991111745986,0.010685453583353443,0.9367326512108544,0.9084628010840935,0.0,0.0,121.85616289220752,24.74672361544632,79.69185716332052,0,0,0,,ultrametric,2,68,0,0.0009272068442214555,105,27,105,"(5, 12)",20580,17745,scipy.optimize.nnls
MW-proj,65,0.65,0.6476190476190476,17,71,105,68,37,27,True,True,True,True,,missing_p65_rep17_seed71.csv,MWproj_completed_p65_rep17_seed71.csv,mw_proj_outputs/logs/MWproj_completed_p65_rep17_seed71.log,15.469960643999912,29.98136864801417,0.012802888262170234,0.06589311790772345,0.641375687408323,46.74540871538672,0.02022617682793644,0.01933485329628987,0.011583157865551667,0.9295958292251363,0.898919723632477,0.0,0.0,110.19115914015615,29.98136864801417,72.79149354452314,0,0,0,,ultrametric,2,68,0,0.0010475879122258073,105,27,105,"(1, 6)",20580,17745,scipy.optimize.nnls
MW-proj,65,0.65,0.6476190476190476,18,72,105,68,37,27,True,True,True,True,,missing_p65_rep18_seed72.csv,MWproj_completed_p65_rep18_seed72.csv,mw_proj_outputs/logs/MWproj_completed_p65_rep18_seed72.log,15.918211446999976,25.35735713668707,0.011349429036001238,0.05573045524546609,0.5424566354971336,46.74540871538672,0.02022617682793644,0.032655005253186514,0.016893751947454187,0.8303430218948181,0.8950261480322174,0.0,0.0,145.34749943162757,25.35735713668707,82.55397771833334,0,0,0,,ultrametric,2,68,0,0.0011218264007435913,105,27,105,"(0, 1)",20580,17745,scipy.optimize.nnls
MW-proj,65,0.65,0.6476190476190476,19,73,105,68,37,27,True,True,True,True,,missing_p65_rep19_seed73.csv,MWproj_completed_p65_rep19_seed73.csv,mw_proj_outputs/logs/MWproj_completed_p65_rep19_seed73.log,12.85254349999991,28.464593638240416,0.012880672669304198,0.06255954645767124,0.608928115519311,46.74540871538672,0.02022617682793644,0.030729209324086074,0.015190832685071846,0.8773927881015497,0.9319769439248768,0.0,0.0,82.57676956077333,28.464593638240416,65.5295384045127,0,0,0,,ultrametric,2,68,0,0.0024243955046139728,105,27,105,"(0, 2)",20580,17745,scipy.optimize.nnls
MW-proj,65,0.65,0.6476190476190476,20,74,105,68,37,27,True,True,True,True,,missing_p65_rep20_seed74.csv,MWproj_completed_p65_rep20_seed74.csv,mw_proj_outputs/logs/MWproj_completed_p65_rep20_seed74.log,11.199492859000202,24.849349832616547,0.011296053917511015,0.05461395567608032,0.5315891018070643,46.74540871538672,0.02022617682793644,0.03160851405567318,0.01343022667525597,0.8575792481343378,0.9340382486544261,0.0,0.0,80.3833953640135,24.849349832616547,69.08646403888875,0,0,0,,ultrametric,2,68,0,0.001028209965772271,105,27,105,"(0, 1)",20580,17745,scipy.optimize.nnls
MW-proj,65,0.65,0.6476190476190476,21,75,105,68,37,27,True,True,True,True,,missing_p65_rep21_seed75.csv,MWproj_completed_p65_rep21_seed75.csv,mw_proj_outputs/logs/MWproj_completed_p65_rep21_seed75.log,15.774354442000003,28.171731653515735,0.012685801977090641,0.061915893743990626,0.6026630727531264,46.74540871538672,0.02022617682793644,0.04623618811993302,0.024677013086992005,0.6489990092697846,0.8387601633774858,0.0,0.0,72.89777178530403,28.171731653515735,61.354468094736646,0,0,0,,ultrametric,2,68,0,0.005646072293620314,105,27,105,"(0, 1)",20580,17745,scipy.optimize.nnls
MW-proj,65,0.65,0.6476190476190476,22,76,105,68,37,27,True,True,True,True,,missing_p65_rep22_seed76.csv,MWproj_completed_p65_rep22_seed76.csv,mw_proj_outputs/logs/MWproj_completed_p65_rep22_seed76.log,14.09479815199984,17.996975381252273,0.008050436705889149,0.039553792046708294,0.38499985080520616,46.74540871538672,0.02022617682793644,0.040344101231130025,0.019323636986020916,0.6400602341574615,0.8255143718746419,0.0,0.0,120.2347886601527,17.996975381252273,85.03180686571399,0,0,0,,ultrametric,3,68,0,0.0006805201392779349,105,27,105,"(0, 1)",20580,17745,scipy.optimize.nnls
MW-proj,65,0.65,0.6476190476190476,23,77,105,68,37,27,True,True,True,True,,missing_p65_rep23_seed77.csv,MWproj_completed_p65_rep23_seed77.csv,mw_proj_outputs/logs/MWproj_completed_p65_rep23_seed77.log,15.502078335000078,29.73534859817348,0.013312077456795744,0.06535241450148017,0.6361127095758131,46.74540871538672,0.02022617682793644,0.017486506594864018,0.010130584370254618,0.9447623138384531,0.9003320990953163,0.0,0.0,133.61064069238938,29.73534859817348,77.74477508372037,0,0,0,,ultrametric,2,68,0,0.0009389604427660524,105,27,105,"(0, 1)",20580,17745,scipy.optimize.nnls
MW-proj,65,0.65,0.6476190476190476,24,78,105,68,37,27,True,True,True,True,,missing_p65_rep24_seed78.csv,MWproj_completed_p65_rep24_seed78.csv,mw_proj_outputs/logs/MWproj_completed_p65_rep24_seed78.log,13.350580592000142,20.241634024755577,0.009253618687265252,0.044487107746715555,0.43301865532930595,46.74540871538672,0.02022617682793644,0.0398397352109729,0.02145828076531191,0.7985582759337119,0.8894911631102796,0.0,0.0,61.06394144674654,20.241634024755577,66.85174008558198,0,0,0,,ultrametric,2,68,0,0.00100354096344937,105,27,105,"(1, 9)",20580,17745,scipy.optimize.nnls
MW-proj,65,0.65,0.6476190476190476,25,79,105,68,37,27,True,True,True,True,,missing_p65_rep25_seed79.csv,MWproj_completed_p65_rep25_seed79.csv,mw_proj_outputs/logs/MWproj_completed_p65_rep25_seed79.log,16.840839568000092,40.02158738091988,0.017337522222856297,0.08795953270531842,0.8561608183724442,46.74540871538672,0.02022617682793644,0.050467225810382016,0.031072850423649497,0.5528298973329958,0.4909722487307706,0.0,0.0,183.77501540101497,40.02158738091988,78.22250903171529,0,0,0,,ultrametric,3,68,0,0.004307561101781052,105,27,105,"(0, 1)",20580,17745,scipy.optimize.nnls
MW-proj,65,0.65,0.6476190476190476,26,80,105,68,37,27,True,True,True,True,,missing_p65_rep26_seed80.csv,MWproj_completed_p65_rep26_seed80.csv,mw_proj_outputs/logs/MWproj_completed_p65_rep26_seed80.log,12.692348123999864,27.719517764401157,0.012490028964277445,0.06092201706461793,0.5929890983128145,46.74540871538672,0.02022617682793644,0.018570536330045604,0.009749833880988561,0.9336368972661802,0.9150284383708056,0.0,0.0,129.04026698952126,27.719517764401157,78.5187070585865,0,0,0,,ultrametric,2,68,0,0.0012309310716995703,105,27,105,"(0, 4)",20580,17745,scipy.optimize.nnls
MW-proj,65,0.65,0.6476190476190476,27,81,105,68,37,27,True,True,True,True,,missing_p65_rep27_seed81.csv,MWproj_completed_p65_rep27_seed81.csv,mw_proj_outputs/logs/MWproj_completed_p65_rep27_seed81.log,15.209037222000006,25.44025322409199,0.011408454534395858,0.055912644448553823,0.5442299879970474,46.74540871538672,0.02022617682793644,0.025398422410430062,0.013127167472543633,0.8653277267686681,0.8633813032026567,0.0,0.0,100.0481651110981,25.44025322409199,74.5719942031501,0,0,0,,ultrametric,2,68,0,0.002565807319109143,105,27,105,"(0, 6)",20580,17745,scipy.optimize.nnls
MW-proj,65,0.65,0.6476190476190476,28,82,105,68,37,27,True,True,True,False,,missing_p65_rep28_seed82.csv,MWproj_completed_p65_rep28_seed82.csv,mw_proj_outputs/logs/MWproj_completed_p65_rep28_seed82.log,11.943725404999896,6283395987420.229,0.05857072022758903,13809661510.813688,134417393281.92001,46.74540871538672,0.02022617682793644,0.042602476938032895,0.02876804057854847,0.685565501665831,0.8115051341756689,0.0,0.0,77.37062454823646,6283395987420.229,-8121164878830.071,0,0,0,,ultrametric,2,54,14,0.008907832907364402,91,27,91,"(0, 4)",17836,15379,scipy.optimize.nnls
MW-proj,65,0.65,0.6476190476190476,29,83,105,68,37,27,True,True,True,True,,missing_p65_rep29_seed83.csv,MWproj_completed_p65_rep29_seed83.csv,mw_proj_outputs/logs/MWproj_completed_p65_rep29_seed83.log,15.611307861999876,17.433648826590137,0.00798319589181331,0.03831571170679151,0.372948901414818,46.74540871538672,0.02022617682793644,0.024456632210056096,0.012689663038312558,0.9249242281369261,0.9186166354926136,0.0,0.0,98.08401413372371,17.433648826590137,82.22580001383118,0,0,0,,ultrametric,3,68,0,0.0006218759696941877,105,27,105,"(0, 13)",20580,17745,scipy.optimize.nnls
MW-proj,65,0.65,0.6476190476190476,30,84,105,68,37,27,True,True,True,False,,missing_p65_rep30_seed84.csv,MWproj_completed_p65_rep30_seed84.csv,mw_proj_outputs/logs/MWproj_completed_p65_rep30_seed84.log,12.321678427999814,6284079685119.579,0.0778540014873782,13811164143.119953,134432019268.04655,46.74540871538672,0.02022617682793644,0.04507839902023413,0.025180401980540976,0.7006205562870688,0.7689811810512653,0.0,0.0,119.36358091290751,6284079685119.579,-5264654123928.583,0,0,0,,ultrametric,2,54,14,0.0009616191659310557,91,27,91,"(0, 9)",17836,15379,scipy.optimize.nnls
MW-proj,85,0.85,0.8476190476190476,1,55,105,89,16,27,True,True,True,False,,missing_p85_rep01_seed55.csv,MWproj_completed_p85_rep01_seed55.csv,mw_proj_outputs/logs/MWproj_completed_p85_rep01_seed55.log,13.435745533000045,29.033293962152456,0.008220850313328391,0.06380943727945594,0.6210940231354926,46.74540871538672,0.02022617682793644,0.06114031419448394,0.03728345978882962,0.4032878736264704,0.411227921206699,0.0,0.0,25.613455325321134,29.033293962152456,-13.351727025484584,0,0,0,,ultrametric,3,75,14,9.984156856825965e-05,91,27,91,"(0, 1)",17836,15379,scipy.optimize.nnls
MW-proj,85,0.85,0.8476190476190476,2,56,105,89,16,27,True,True,True,False,,missing_p85_rep02_seed56.csv,MWproj_completed_p85_rep02_seed56.csv,mw_proj_outputs/logs/MWproj_completed_p85_rep02_seed56.log,14.310051968999915,525.809410517084,0.07018020333976985,1.1556250780595252,11.248364812007912,46.74540871538672,0.02022617682793644,0.06861789801144141,0.04586823624545768,0.11986806153377405,0.4936520839850804,0.0,0.0,33.927557550378424,525.809410517084,-1449.8003643095115,0,0,0,,ultrametric,3,75,14,0.0007655581395565857,91,27,91,"(0, 12)",17836,15379,scipy.optimize.nnls
MW-proj,85,0.85,0.8476190476190476,3,57,105,89,16,27,True,True,True,False,,missing_p85_rep03_seed57.csv,MWproj_completed_p85_rep03_seed57.csv,mw_proj_outputs/logs/MWproj_completed_p85_rep03_seed57.log,12.904789758999868,6283755933225.039,0.0453027474716761,13810452600.49459,134425093413.6485,46.74540871538672,0.02022617682793644,0.09968847602380815,0.06655419580879707,0.03249767761470425,0.10896074450488129,0.0,0.0,41.26334057897472,6283755933225.039,-15228422723451.512,0,0,0,,ultrametric,3,63,26,6.664908975135625e-05,79,27,79,"(0, 8)",15484,13351,scipy.optimize.nnls
MW-proj,85,0.85,0.8476190476190476,4,58,105,89,16,27,True,True,True,False,,missing_p85_rep04_seed58.csv,MWproj_completed_p85_rep04_seed58.csv,mw_proj_outputs/logs/MWproj_completed_p85_rep04_seed58.log,14.804164489000186,44949199.672642075,0.035009829943782836,98789.44982998258,961574.6424706432,46.74540871538672,0.02022617682793644,0.04528697183371776,0.030022895855480906,0.6161513357357492,0.3819203268641471,0.0,0.0,36.125671695493935,44949199.672642075,-124424436.79898977,0,0,0,,ultrametric,3,75,14,7.457492072168513e-05,91,27,91,"(0, 1)",17836,15379,scipy.optimize.nnls
MW-proj,85,0.85,0.8476190476190476,5,59,105,89,16,27,True,True,True,False,,missing_p85_rep05_seed59.csv,MWproj_completed_p85_rep05_seed59.csv,mw_proj_outputs/logs/MWproj_completed_p85_rep05_seed59.log,15.797657079999908,33.792640280727795,0.01042321829016368,0.07426953907852263,0.7229082215641128,46.74540871538672,0.02022617682793644,0.07318819435761918,0.04936419772111507,0.018477409616589512,0.3841210121740463,0.0,0.0,23.585058043298122,33.792640280727795,-43.27986905391669,0,0,0,,ultrametric,3,75,14,0.00033934730496844925,91,27,91,"(0, 2)",17836,15379,scipy.optimize.nnls
MW-proj,85,0.85,0.8476190476190476,6,60,105,89,16,27,True,True,True,False,,missing_p85_rep06_seed60.csv,MWproj_completed_p85_rep06_seed60.csv,mw_proj_outputs/logs/MWproj_completed_p85_rep06_seed60.log,13.260098918999802,59.0454751750826,0.01689815767437392,0.12977027511007164,1.263128867576832,46.74540871538672,0.02022617682793644,0.06848724238236284,0.04053500931232649,0.2513988361849789,0.3681257893693296,0.0,0.0,36.229726598404135,59.0454751750826,-62.975215986541464,0,0,0,,ultrametric,3,62,27,0.0010125981082462433,78,27,78,"(0, 1)",15288,13182,scipy.optimize.nnls
MW-proj,85,0.85,0.8476190476190476,7,61,105,89,16,27,True,True,True,True,,missing_p85_rep07_seed61.csv,MWproj_completed_p85_rep07_seed61.csv,mw_proj_outputs/logs/MWproj_completed_p85_rep07_seed61.log,16.85008815099991,29.035836889077792,0.008226338989625492,0.0638150261298413,0.62114842263686,46.74540871538672,0.02022617682793644,0.05876583368410604,0.033302794022397594,0.36407468306237256,0.7539625799370603,0.0,0.0,34.8984580823353,29.035836889077792,16.79908372864478,0,0,0,,ultrametric,3,75,14,4.914317061661854e-05,91,27,91,"(0, 1)",17836,15379,scipy.optimize.nnls
MW-proj,85,0.85,0.8476190476190476,8,62,105,89,16,27,True,True,True,True,,missing_p85_rep08_seed62.csv,MWproj_completed_p85_rep08_seed62.csv,mw_proj_outputs/logs/MWproj_completed_p85_rep08_seed62.log,20.36767100399993,6.335574570336983,0.002964071697884279,0.013924339715026338,0.13553362232666852,46.74540871538672,0.02022617682793644,0.05099979285279191,0.02984369219112528,0.5677610299259004,0.6825842696629214,0.0,0.0,46.42176450205632,6.335574570336983,86.35214615752847,0,0,0,,ultrametric,3,89,0,0.0001986158157560347,105,27,105,"(0, 1)",20580,17745,scipy.optimize.nnls
MW-proj,85,0.85,0.8476190476190476,9,63,105,89,16,27,True,True,True,False,,missing_p85_rep09_seed63.csv,MWproj_completed_p85_rep09_seed63.csv,mw_proj_outputs/logs/MWproj_completed_p85_rep09_seed63.log,11.79503557399994,88.95365774341651,0.02832051758651191,0.1955025444910253,1.902938923585377,46.74540871538672,0.02022617682793644,0.05604002016829085,0.03208074610926215,0.37361081652857825,0.67339190598924,0.0,0.0,45.78203711106629,88.95365774341651,-94.29816442552949,0,0,0,,ultrametric,3,62,27,0.00680857661449021,78,27,78,"(1, 8)",15288,13182,scipy.optimize.nnls
MW-proj,85,0.85,0.8476190476190476,10,64,105,89,16,27,True,True,True,False,,missing_p85_rep10_seed64.csv,MWproj_completed_p85_rep10_seed64.csv,mw_proj_outputs/logs/MWproj_completed_p85_rep10_seed64.log,12.835407334000138,3141592550412.4443,0.020114777538432237,6904599011.895482,67206440947.82206,46.74540871538672,0.02022617682793644,0.07170043792063226,0.04741731549436544,0.08124660682745312,0.23408285148967384,0.0,0.0,33.50830472840226,3141592550412.4443,-9375563985832.04,0,0,0,,ultrametric,3,63,26,5.4113326449752953e-05,79,27,79,"(0, 1)",15484,13351,scipy.optimize.nnls
MW-proj,85,0.85,0.8476190476190476,11,65,105,89,16,27,True,True,True,True,,missing_p85_rep11_seed65.csv,MWproj_completed_p85_rep11_seed65.csv,mw_proj_outputs/logs/MWproj_completed_p85_rep11_seed65.log,21.21031806200017,12.06060057893025,0.005550520143184428,0.026506814459187362,0.25800609964418564,46.74540871538672,0.02022617682793644,0.05914224455515126,0.03676420451046166,0.4489946132877268,0.20027238678924075,0.0,0.0,146.5436651733374,12.06060057893025,91.76996114798649,0,0,0,,ultrametric,3,89,0,0.0004389058417499562,105,27,105,"(0, 1)",20580,17745,scipy.optimize.nnls
MW-proj,85,0.85,0.8476190476190476,12,66,105,89,16,27,True,True,True,False,,missing_p85_rep12_seed66.csv,MWproj_completed_p85_rep12_seed66.csv,mw_proj_outputs/logs/MWproj_completed_p85_rep12_seed66.log,15.205801650000012,27.179937156033933,0.0073608192971501,0.059736125617656996,0.5814461334913387,46.74540871538672,0.02022617682793644,0.056756765724643034,0.033075882834367624,0.4481191291623489,0.4699638225154867,0.0,0.0,26.600988177870757,27.179937156033933,-2.1764190649308315,0,0,0,,ultrametric,3,75,14,7.433265028969703e-06,91,27,91,"(0, 1)",17836,15379,scipy.optimize.nnls
MW-proj,85,0.85,0.8476190476190476,13,67,105,89,16,27,True,True,True,False,,missing_p85_rep13_seed67.csv,MWproj_completed_p85_rep13_seed67.csv,mw_proj_outputs/logs/MWproj_completed_p85_rep13_seed67.log,8.413012383999558,210829099.92518535,0.07534241608974226,463360.65917623154,4510156.30666181,46.74540871538672,0.02022617682793644,0.0777419813571689,0.050593396342239805,0.08813154226258582,0.2336596586316084,0.0,0.0,30.754344834171516,210829099.92518535,-685526127.4712179,0,0,0,,ultrametric,3,40,49,0.00018052090186274945,56,27,56,"(0, 5)",10976,9464,scipy.optimize.nnls
MW-proj,85,0.85,0.8476190476190476,14,68,105,89,16,27,True,True,True,True,,missing_p85_rep14_seed68.csv,MWproj_completed_p85_rep14_seed68.csv,mw_proj_outputs/logs/MWproj_completed_p85_rep14_seed68.log,23.10276871799988,1.2738368361235295,0.000602920090946505,0.002799641398073691,0.027250523016696466,46.74540871538672,0.02022617682793644,0.05436333912004593,0.02976270362549243,0.4927353381471707,0.4963057541709228,0.0,0.0,32.98448228261427,1.2738368361235295,96.13807236624432,0,0,0,,ultrametric,3,89,0,2.90578330170112e-05,105,27,105,"(0, 1)",20580,17745,scipy.optimize.nnls
MW-proj,85,0.85,0.8476190476190476,15,69,105,89,16,27,True,True,True,True,,missing_p85_rep15_seed69.csv,MWproj_completed_p85_rep15_seed69.csv,mw_proj_outputs/logs/MWproj_completed_p85_rep15_seed69.log,23.67231655400019,4.529110383609929,0.0021247675561935323,0.009954088755186656,0.0968888818832624,46.74540871538672,0.02022617682793644,0.05987192918391457,0.036539981517523516,0.48595553953643145,0.7545915411998064,0.0,0.0,22.771252297478917,4.529110383609929,80.11040269352529,0,0,0,,ultrametric,3,89,0,0.00018145262046883017,105,27,105,"(0, 1)",20580,17745,scipy.optimize.nnls
MW-proj,85,0.85,0.8476190476190476,16,70,105,89,16,27,True,True,True,False,,missing_p85_rep16_seed70.csv,MWproj_completed_p85_rep16_seed70.csv,mw_proj_outputs/logs/MWproj_completed_p85_rep16_seed70.log,14.801026696000008,15708173806146.35,0.06947777774060934,34523458914.60736,336036719708.3859,46.74540871538672,0.02022617682793644,0.06766508029321437,0.05014293093236264,0.2737162291606499,0.07017693209194656,0.0,0.0,40.023032093745485,15708173806146.35,-39247835519590.945,0,0,0,,ultrametric,3,75,14,0.0003370184016777659,91,27,91,"(3, 5)",17836,15379,scipy.optimize.nnls
MW-proj,85,0.85,0.8476190476190476,17,71,105,89,16,27,True,True,True,False,,missing_p85_rep17_seed71.csv,MWproj_completed_p85_rep17_seed71.csv,mw_proj_outputs/logs/MWproj_completed_p85_rep17_seed71.log,10.723058702999879,9424841314066.008,0.05284199546233916,20713936953.991226,201620684748.9543,46.74540871538672,0.02022617682793644,0.06612675060105963,0.040100061569729645,0.26217631912469347,0.5183716031903056,0.0,0.0,46.15378251545958,9424841314066.008,-20420517670166.96,0,0,0,,ultrametric,3,62,27,0.0017139631883036819,78,27,78,"(1, 14)",15288,13182,scipy.optimize.nnls
MW-proj,85,0.85,0.8476190476190476,18,72,105,89,16,27,True,True,True,False,,missing_p85_rep18_seed72.csv,MWproj_completed_p85_rep18_seed72.csv,mw_proj_outputs/logs/MWproj_completed_p85_rep18_seed72.log,11.882974855000157,78.61699109997713,0.025453683201984115,0.17278459582412556,1.6818120380258768,46.74540871538672,0.02022617682793644,0.06538229613463126,0.04016285015332894,0.22568172732425149,0.46371580688468356,0.0,0.0,30.0844477206965,78.61699109997713,-161.3210381319143,0,0,0,,ultrametric,3,62,27,0.0034979518957925907,78,27,78,"(0, 1)",15288,13182,scipy.optimize.nnls
MW-proj,85,0.85,0.8476190476190476,19,73,105,89,16,27,True,True,True,False,,missing_p85_rep19_seed73.csv,MWproj_completed_p85_rep19_seed73.csv,mw_proj_outputs/logs/MWproj_completed_p85_rep19_seed73.log,13.352857816999858,3141803428213.967,0.06024699752001333,6905062479.591136,67210952145.97643,46.74540871538672,0.02022617682793644,0.08111087992366864,0.05538142800037368,-0.15796127607366717,-0.2377596186584951,0.0,0.0,38.04913666507028,3141803428213.967,-8257226585275.308,0,0,0,,ultrametric,3,75,14,0.0001389107365015876,91,27,91,"(0, 1)",17836,15379,scipy.optimize.nnls
MW-proj,85,0.85,0.8476190476190476,20,74,105,89,16,27,True,True,True,False,,missing_p85_rep20_seed74.csv,MWproj_completed_p85_rep20_seed74.csv,mw_proj_outputs/logs/MWproj_completed_p85_rep20_seed74.log,9.84240995800019,6283396063524.415,0.08204077398910385,13809661678.075638,134417394909.97694,46.74540871538672,0.02022617682793644,0.07644643899443677,0.05097013650686327,0.13261848444947277,0.23742881291431392,0.0,0.0,45.152745538293146,6283396063524.415,-13915867105247.098,0,0,0,,ultrametric,2,50,39,0.004840481997104974,66,27,66,"(0, 3)",12936,11154,scipy.optimize.nnls
MW-proj,85,0.85,0.8476190476190476,21,75,105,89,16,27,True,True,True,False,,missing_p85_rep21_seed75.csv,MWproj_completed_p85_rep21_seed75.csv,mw_proj_outputs/logs/MWproj_completed_p85_rep21_seed75.log,7.790263446000154,9425348586570.17,0.10188535369973589,20715051838.615757,201631536563.4555,46.74540871538672,0.02022617682793644,0.08729378084777367,0.056639718921376404,-0.032166834436677644,0.31768691940587573,0.0,0.0,31.34976548618483,9425348586570.17,-30065132674413.05,0,0,0,,ultrametric,3,40,49,7.09706682451382e-05,56,27,56,"(5, 8)",10976,9464,scipy.optimize.nnls
MW-proj,85,0.85,0.8476190476190476,22,76,105,89,16,27,True,True,True,False,,missing_p85_rep22_seed76.csv,MWproj_completed_p85_rep22_seed76.csv,mw_proj_outputs/logs/MWproj_completed_p85_rep22_seed76.log,8.201662398999815,6283185155917.946,0.08685984012896822,13809198144.874607,134412883074.221,46.74540871538672,0.02022617682793644,0.06703810134757378,0.04693292871527209,0.4620030765000061,0.5598205497934112,0.0,0.0,62.57277133278012,6283185155917.946,-10041404627005.53,0,0,0,,ultrametric,3,39,50,0.00011427093227955809,55,27,55,"(0, 1)",10780,9295,scipy.optimize.nnls
MW-proj,85,0.85,0.8476190476190476,23,77,105,89,16,27,True,True,True,False,,missing_p85_rep23_seed77.csv,MWproj_completed_p85_rep23_seed77.csv,mw_proj_outputs/logs/MWproj_completed_p85_rep23_seed77.log,16.13548730499997,12567151938636.27,0.09274618541353725,27620114150.848946,268842487080.44058,46.74540871538672,0.02022617682793644,0.07901719566645773,0.053449795473862784,-0.06644364326482977,0.19790602655771194,0.0,0.0,24.43490700012761,12567151938636.27,-51431142907751.62,0,0,0,,ultrametric,3,75,14,6.83897533571603e-05,91,27,91,"(0, 11)",17836,15379,scipy.optimize.nnls
MW-proj,85,0.85,0.8476190476190476,24,78,105,89,16,27,True,True,True,True,,missing_p85_rep24_seed78.csv,MWproj_completed_p85_rep24_seed78.csv,mw_proj_outputs/logs/MWproj_completed_p85_rep24_seed78.log,19.982799426999918,17.58935136259285,0.008080984234951034,0.03865791508262165,0.37627976406596564,46.74540871538672,0.02022617682793644,0.05887211727641622,0.035668120944085904,0.3487421294405216,0.28052434456928843,0.0,0.0,36.4006132699273,17.58935136259285,51.67842027231872,0,0,0,,ultrametric,3,89,0,0.003101624485579387,105,27,105,"(0, 2)",20580,17745,scipy.optimize.nnls
MW-proj,85,0.85,0.8476190476190476,25,79,105,89,16,27,True,True,True,True,,missing_p85_rep25_seed79.csv,MWproj_completed_p85_rep25_seed79.csv,mw_proj_outputs/logs/MWproj_completed_p85_rep25_seed79.log,22.35185510400015,2.3021355729654203,0.0010859489324921315,0.005059638621902023,0.04924837831629974,46.74540871538672,0.02022617682793644,0.0741842426924692,0.051716711559177585,0.012287633471266617,-0.024081924542366507,0.0,0.0,26.664369327254754,2.3021355729654203,91.36624780165977,0,0,0,,ultrametric,3,89,0,6.649225525758097e-05,105,27,105,"(4, 14)",20580,17745,scipy.optimize.nnls
MW-proj,85,0.85,0.8476190476190476,26,80,105,89,16,27,True,True,True,False,,missing_p85_rep26_seed80.csv,MWproj_completed_p85_rep26_seed80.csv,mw_proj_outputs/logs/MWproj_completed_p85_rep26_seed80.log,12.66440747500019,1610.0264814231502,0.12136996393166972,3.538519739391539,34.44245169030245,46.74540871538672,0.02022617682793644,0.09175207881415948,0.05783479796506464,0.06214278872799831,-0.030337078651685397,0.0,0.0,122.60572110006558,1610.0264814231502,-1213.1740239993492,0,0,0,,ultrametric,3,62,27,8.33638158869143e-05,78,27,78,"(0, 1)",15288,13182,scipy.optimize.nnls
MW-proj,85,0.85,0.8476190476190476,27,81,105,89,16,27,True,True,True,True,,missing_p85_rep27_seed81.csv,MWproj_completed_p85_rep27_seed81.csv,mw_proj_outputs/logs/MWproj_completed_p85_rep27_seed81.log,13.237713812000038,28.925298921463973,0.008182882167118858,0.06357208554167906,0.6187837418981197,46.74540871538672,0.02022617682793644,0.0647724103029222,0.04293614986176902,0.32920637731467384,0.14552156240783154,0.0,0.0,34.62425659440765,28.925298921463973,16.459436919330546,0,0,0,,ultrametric,3,75,14,6.765864781754275e-05,91,27,91,"(0, 1)",17836,15379,scipy.optimize.nnls
MW-proj,85,0.85,0.8476190476190476,28,82,105,89,16,27,True,True,True,False,,missing_p85_rep28_seed82.csv,MWproj_completed_p85_rep28_seed82.csv,mw_proj_outputs/logs/MWproj_completed_p85_rep28_seed82.log,4.9908774679997805,6283185131186.316,0.07286813382968994,13809198090.519377,134412882545.1502,46.74540871538672,0.02022617682793644,0.0793132113591621,0.05351057670028817,0.13280435014347886,0.3288088708312386,0.0,0.0,35.192477525732485,6283185131186.316,-17853773229113.82,0,0,0,,ultrametric,2,26,63,0.0012715970833268358,42,27,42,"(0, 3)",8232,7098,scipy.optimize.nnls
MW-proj,85,0.85,0.8476190476190476,29,83,105,89,16,27,True,True,True,False,,missing_p85_rep29_seed83.csv,MWproj_completed_p85_rep29_seed83.csv,mw_proj_outputs/logs/MWproj_completed_p85_rep29_seed83.log,7.7010808089999045,12567784382068.783,0.11976457493102582,27621504136.41491,268856016610.93124,46.74540871538672,0.02022617682793644,0.09056269943283773,0.06977358593362111,-0.11305806988908428,-0.06409738036394243,0.0,0.0,55.61670535531132,12567784382068.783,-22597139297847.6,0,0,0,,ultrametric,3,42,47,0.00016203615433971476,58,27,58,"(0, 2)",11368,9802,scipy.optimize.nnls
MW-proj,85,0.85,0.8476190476190476,30,84,105,89,16,27,True,True,True,False,,missing_p85_rep30_seed84.csv,MWproj_completed_p85_rep30_seed84.csv,mw_proj_outputs/logs/MWproj_completed_p85_rep30_seed84.log,14.867662542999824,27.98841943573136,0.007739832250619142,0.06151300974886013,0.5987415706672106,46.74540871538672,0.02022617682793644,0.07653804796620385,0.05399894897949431,0.17453594165860462,0.07110479303299728,0.0,0.0,13.689268242812489,27.98841943573136,-104.4551902942409,0,0,0,,ultrametric,3,75,14,7.759499385856851e-05,91,27,91,"(0, 2)",17836,15379,scipy.optimize.nnls
