method,pct_missing,replicate,mask_seed,file,path,missingness_actual,n_pairs_total,n_missing,n_observed,optimized_variables,imputed_variables,RMSE_miss,MAE_miss,Pearson_miss,Spearman_miss,runtime_seconds,success,success_numerical,success_valid_matrix,epochs_used,convergence_epoch,max_abs_error_observed,mean_abs_error_observed,masked_file,completed_file,error_message
MDS-SMACOF,30,1,55,MDS_SMACOF_completed_p30_rep01_seed55.csv,mds_smacof_outputs/completed_matrices/MDS_SMACOF_completed_p30_rep01_seed55.csv,0.3047619047619048,105,32,73,210,32,0.036044116640879,0.0292365648885919,0.8692973391566928,0.8251466275659823,0.0472497480000129,True,True,True,793,793,0.0,0.0,missing_p30_rep01_seed55.csv,MDS_SMACOF_completed_p30_rep01_seed55.csv,
MDS-SMACOF,30,2,56,MDS_SMACOF_completed_p30_rep02_seed56.csv,mds_smacof_outputs/completed_matrices/MDS_SMACOF_completed_p30_rep02_seed56.csv,0.3047619047619048,105,32,73,210,32,0.0613728843937594,0.0448149056048421,0.4672417859469536,0.4776392961876832,0.0460830219999479,True,True,True,1000,1000,0.0,0.0,missing_p30_rep02_seed56.csv,MDS_SMACOF_completed_p30_rep02_seed56.csv,
MDS-SMACOF,30,3,57,MDS_SMACOF_completed_p30_rep03_seed57.csv,mds_smacof_outputs/completed_matrices/MDS_SMACOF_completed_p30_rep03_seed57.csv,0.3047619047619048,105,32,73,210,32,0.0372328196796173,0.0317227556498105,0.7562415730718473,0.6473607038123167,0.0477100269999937,True,True,True,1000,1000,0.0,0.0,missing_p30_rep03_seed57.csv,MDS_SMACOF_completed_p30_rep03_seed57.csv,
MDS-SMACOF,30,4,58,MDS_SMACOF_completed_p30_rep04_seed58.csv,mds_smacof_outputs/completed_matrices/MDS_SMACOF_completed_p30_rep04_seed58.csv,0.3047619047619048,105,32,73,210,32,0.0340969419195401,0.0297108206774196,0.8182500598049688,0.7983870967741934,0.0471859730000687,True,True,True,1000,1000,0.0,0.0,missing_p30_rep04_seed58.csv,MDS_SMACOF_completed_p30_rep04_seed58.csv,
MDS-SMACOF,30,5,59,MDS_SMACOF_completed_p30_rep05_seed59.csv,mds_smacof_outputs/completed_matrices/MDS_SMACOF_completed_p30_rep05_seed59.csv,0.3047619047619048,105,32,73,210,32,0.0348507901386358,0.0270418309617954,0.7302737458360894,0.6528592375366569,0.0302925860000868,True,True,True,649,649,0.0,0.0,missing_p30_rep05_seed59.csv,MDS_SMACOF_completed_p30_rep05_seed59.csv,
MDS-SMACOF,30,6,60,MDS_SMACOF_completed_p30_rep06_seed60.csv,mds_smacof_outputs/completed_matrices/MDS_SMACOF_completed_p30_rep06_seed60.csv,0.3047619047619048,105,32,73,210,32,0.0334662653044127,0.0277619115248126,0.8299792665450676,0.6972140762463341,0.0354105569999774,True,True,True,769,769,0.0,0.0,missing_p30_rep06_seed60.csv,MDS_SMACOF_completed_p30_rep06_seed60.csv,
MDS-SMACOF,30,7,61,MDS_SMACOF_completed_p30_rep07_seed61.csv,mds_smacof_outputs/completed_matrices/MDS_SMACOF_completed_p30_rep07_seed61.csv,0.3047619047619048,105,32,73,210,32,0.0415087266213011,0.0331059275780239,0.918630413875556,0.8969941348973607,0.0372116030000597,True,True,True,853,853,0.0,0.0,missing_p30_rep07_seed61.csv,MDS_SMACOF_completed_p30_rep07_seed61.csv,
MDS-SMACOF,30,8,62,MDS_SMACOF_completed_p30_rep08_seed62.csv,mds_smacof_outputs/completed_matrices/MDS_SMACOF_completed_p30_rep08_seed62.csv,0.3047619047619048,105,32,73,210,32,0.0338141964454234,0.0281058960289897,0.7613791679136019,0.720307917888563,0.0449960269997973,True,True,True,1000,1000,0.0,0.0,missing_p30_rep08_seed62.csv,MDS_SMACOF_completed_p30_rep08_seed62.csv,
MDS-SMACOF,30,9,63,MDS_SMACOF_completed_p30_rep09_seed63.csv,mds_smacof_outputs/completed_matrices/MDS_SMACOF_completed_p30_rep09_seed63.csv,0.3047619047619048,105,32,73,210,32,0.042859973341311,0.0330271907082863,0.8369480996829977,0.813049853372434,0.044452475999833,True,True,True,1000,1000,0.0,0.0,missing_p30_rep09_seed63.csv,MDS_SMACOF_completed_p30_rep09_seed63.csv,
MDS-SMACOF,30,10,64,MDS_SMACOF_completed_p30_rep10_seed64.csv,mds_smacof_outputs/completed_matrices/MDS_SMACOF_completed_p30_rep10_seed64.csv,0.3047619047619048,105,32,73,210,32,0.0637556190214414,0.0461845523817635,0.5087214453373884,0.6579912023460409,0.0307066269999722,True,True,True,652,652,0.0,0.0,missing_p30_rep10_seed64.csv,MDS_SMACOF_completed_p30_rep10_seed64.csv,
MDS-SMACOF,30,11,65,MDS_SMACOF_completed_p30_rep11_seed65.csv,mds_smacof_outputs/completed_matrices/MDS_SMACOF_completed_p30_rep11_seed65.csv,0.3047619047619048,105,32,73,210,32,0.0419325129387706,0.0361497582250255,0.4641538100689897,0.3643695014662756,0.0441680590001851,True,True,True,973,973,0.0,0.0,missing_p30_rep11_seed65.csv,MDS_SMACOF_completed_p30_rep11_seed65.csv,
MDS-SMACOF,30,12,66,MDS_SMACOF_completed_p30_rep12_seed66.csv,mds_smacof_outputs/completed_matrices/MDS_SMACOF_completed_p30_rep12_seed66.csv,0.3047619047619048,105,32,73,210,32,0.0419511521580031,0.030224908452259,0.7359945474853594,0.7587976539589442,0.0461608719999731,True,True,True,974,974,0.0,0.0,missing_p30_rep12_seed66.csv,MDS_SMACOF_completed_p30_rep12_seed66.csv,
MDS-SMACOF,30,13,67,MDS_SMACOF_completed_p30_rep13_seed67.csv,mds_smacof_outputs/completed_matrices/MDS_SMACOF_completed_p30_rep13_seed67.csv,0.3047619047619048,105,32,73,210,32,0.0629066309008061,0.0475034117948391,0.6406803841779111,0.6667888563049853,0.0317464219999692,True,True,True,662,662,0.0,0.0,missing_p30_rep13_seed67.csv,MDS_SMACOF_completed_p30_rep13_seed67.csv,
MDS-SMACOF,30,14,68,MDS_SMACOF_completed_p30_rep14_seed68.csv,mds_smacof_outputs/completed_matrices/MDS_SMACOF_completed_p30_rep14_seed68.csv,0.3047619047619048,105,32,73,210,32,0.0353480744578113,0.0289333262236161,0.8504199961496629,0.6774193548387096,0.0340610460000334,True,True,True,801,801,0.0,0.0,missing_p30_rep14_seed68.csv,MDS_SMACOF_completed_p30_rep14_seed68.csv,
MDS-SMACOF,30,15,69,MDS_SMACOF_completed_p30_rep15_seed69.csv,mds_smacof_outputs/completed_matrices/MDS_SMACOF_completed_p30_rep15_seed69.csv,0.3047619047619048,105,32,73,210,32,0.0295868910982095,0.0245370950699661,0.8420855784290618,0.844941348973607,0.0549469129998669,True,True,True,1000,1000,0.0,0.0,missing_p30_rep15_seed69.csv,MDS_SMACOF_completed_p30_rep15_seed69.csv,
MDS-SMACOF,30,16,70,MDS_SMACOF_completed_p30_rep16_seed70.csv,mds_smacof_outputs/completed_matrices/MDS_SMACOF_completed_p30_rep16_seed70.csv,0.3047619047619048,105,32,73,210,32,0.0350264630107643,0.0268907468753461,0.8083975494350106,0.6381964809384163,0.0471177149997856,True,True,True,1000,1000,0.0,0.0,missing_p30_rep16_seed70.csv,MDS_SMACOF_completed_p30_rep16_seed70.csv,
MDS-SMACOF,30,17,71,MDS_SMACOF_completed_p30_rep17_seed71.csv,mds_smacof_outputs/completed_matrices/MDS_SMACOF_completed_p30_rep17_seed71.csv,0.3047619047619048,105,32,73,210,32,0.0305159845972751,0.0243064596705173,0.892134094505165,0.7272727272727272,0.0536555799999405,True,True,True,842,842,0.0,0.0,missing_p30_rep17_seed71.csv,MDS_SMACOF_completed_p30_rep17_seed71.csv,
MDS-SMACOF,30,18,72,MDS_SMACOF_completed_p30_rep18_seed72.csv,mds_smacof_outputs/completed_matrices/MDS_SMACOF_completed_p30_rep18_seed72.csv,0.3047619047619048,105,32,73,210,32,0.0366064379210713,0.0304870485232364,0.7739409018878765,0.7327712609970675,0.0502976580000904,True,True,True,1000,1000,0.0,0.0,missing_p30_rep18_seed72.csv,MDS_SMACOF_completed_p30_rep18_seed72.csv,
MDS-SMACOF,30,19,73,MDS_SMACOF_completed_p30_rep19_seed73.csv,mds_smacof_outputs/completed_matrices/MDS_SMACOF_completed_p30_rep19_seed73.csv,0.3047619047619048,105,32,73,210,32,0.0358212547389288,0.0270008677965014,0.9046710376333676,0.8181818181818181,0.0261194119998435,True,True,True,585,585,0.0,0.0,missing_p30_rep19_seed73.csv,MDS_SMACOF_completed_p30_rep19_seed73.csv,
MDS-SMACOF,30,20,74,MDS_SMACOF_completed_p30_rep20_seed74.csv,mds_smacof_outputs/completed_matrices/MDS_SMACOF_completed_p30_rep20_seed74.csv,0.3047619047619048,105,32,73,210,32,0.0367699797046437,0.030619212213129,0.6091645036797976,0.7617302052785923,0.0426024440000674,True,True,True,904,904,0.0,0.0,missing_p30_rep20_seed74.csv,MDS_SMACOF_completed_p30_rep20_seed74.csv,
MDS-SMACOF,30,21,75,MDS_SMACOF_completed_p30_rep21_seed75.csv,mds_smacof_outputs/completed_matrices/MDS_SMACOF_completed_p30_rep21_seed75.csv,0.3047619047619048,105,32,73,210,32,0.037418717581126,0.0298758094253813,0.93615853328828,0.7170087976539589,0.0344381400000202,True,True,True,767,767,0.0,0.0,missing_p30_rep21_seed75.csv,MDS_SMACOF_completed_p30_rep21_seed75.csv,
MDS-SMACOF,30,22,76,MDS_SMACOF_completed_p30_rep22_seed76.csv,mds_smacof_outputs/completed_matrices/MDS_SMACOF_completed_p30_rep22_seed76.csv,0.3047619047619048,105,32,73,210,32,0.0324253383299203,0.0280236184749356,0.8358600680825609,0.7877565982404692,0.0451849270000366,True,True,True,1000,1000,0.0,0.0,missing_p30_rep22_seed76.csv,MDS_SMACOF_completed_p30_rep22_seed76.csv,
MDS-SMACOF,30,23,77,MDS_SMACOF_completed_p30_rep23_seed77.csv,mds_smacof_outputs/completed_matrices/MDS_SMACOF_completed_p30_rep23_seed77.csv,0.3047619047619048,105,32,73,210,32,0.0317596646402972,0.0271226171555475,0.8453293892648891,0.5568181818181818,0.0436686860000463,True,True,True,1000,1000,0.0,0.0,missing_p30_rep23_seed77.csv,MDS_SMACOF_completed_p30_rep23_seed77.csv,
MDS-SMACOF,30,24,78,MDS_SMACOF_completed_p30_rep24_seed78.csv,mds_smacof_outputs/completed_matrices/MDS_SMACOF_completed_p30_rep24_seed78.csv,0.3047619047619048,105,32,73,210,32,0.0540412697684347,0.0392442578822857,0.6606861669310181,0.8236803519061583,0.0377951380000922,True,True,True,720,720,0.0,0.0,missing_p30_rep24_seed78.csv,MDS_SMACOF_completed_p30_rep24_seed78.csv,
MDS-SMACOF,30,25,79,MDS_SMACOF_completed_p30_rep25_seed79.csv,mds_smacof_outputs/completed_matrices/MDS_SMACOF_completed_p30_rep25_seed79.csv,0.3047619047619048,105,32,73,210,32,0.028312399401431,0.0238025924135161,0.8938820781829837,0.8361436950146626,0.0496929490000184,True,True,True,877,877,0.0,0.0,missing_p30_rep25_seed79.csv,MDS_SMACOF_completed_p30_rep25_seed79.csv,
MDS-SMACOF,30,26,80,MDS_SMACOF_completed_p30_rep26_seed80.csv,mds_smacof_outputs/completed_matrices/MDS_SMACOF_completed_p30_rep26_seed80.csv,0.3047619047619048,105,32,73,210,32,0.0445066521717889,0.0350030003594034,0.8701602866581062,0.7657624633431085,0.0437648330000683,True,True,True,906,906,0.0,0.0,missing_p30_rep26_seed80.csv,MDS_SMACOF_completed_p30_rep26_seed80.csv,
MDS-SMACOF,30,27,81,MDS_SMACOF_completed_p30_rep27_seed81.csv,mds_smacof_outputs/completed_matrices/MDS_SMACOF_completed_p30_rep27_seed81.csv,0.3047619047619048,105,32,73,210,32,0.0325809542216591,0.0283662595990019,0.8356426487696474,0.748900293255132,0.0414964779999991,True,True,True,912,912,0.0,0.0,missing_p30_rep27_seed81.csv,MDS_SMACOF_completed_p30_rep27_seed81.csv,
MDS-SMACOF,30,28,82,MDS_SMACOF_completed_p30_rep28_seed82.csv,mds_smacof_outputs/completed_matrices/MDS_SMACOF_completed_p30_rep28_seed82.csv,0.3047619047619048,105,32,73,210,32,0.0353889285095383,0.0272214553309264,0.9007114448277036,0.7723607038123166,0.0345282090002001,True,True,True,702,702,0.0,0.0,missing_p30_rep28_seed82.csv,MDS_SMACOF_completed_p30_rep28_seed82.csv,
MDS-SMACOF,30,29,83,MDS_SMACOF_completed_p30_rep29_seed83.csv,mds_smacof_outputs/completed_matrices/MDS_SMACOF_completed_p30_rep29_seed83.csv,0.3047619047619048,105,32,73,210,32,0.0382137737589056,0.0322284285655593,0.773431797289103,0.6774193548387096,0.0528803289998904,True,True,True,1000,1000,0.0,0.0,missing_p30_rep29_seed83.csv,MDS_SMACOF_completed_p30_rep29_seed83.csv,
MDS-SMACOF,30,30,84,MDS_SMACOF_completed_p30_rep30_seed84.csv,mds_smacof_outputs/completed_matrices/MDS_SMACOF_completed_p30_rep30_seed84.csv,0.3047619047619048,105,32,73,210,32,0.0375370739288604,0.0311499885520268,0.7406923265765487,0.7598973607038123,0.0530319310000777,True,True,True,1000,1000,0.0,0.0,missing_p30_rep30_seed84.csv,MDS_SMACOF_completed_p30_rep30_seed84.csv,
MDS-SMACOF,50,1,55,MDS_SMACOF_completed_p50_rep01_seed55.csv,mds_smacof_outputs/completed_matrices/MDS_SMACOF_completed_p50_rep01_seed55.csv,0.4952380952380952,105,52,53,210,52,0.0600318534319113,0.0457892744730128,0.469227746994151,0.667292751643473,0.0171586390001721,True,True,True,292,292,0.0,0.0,missing_p50_rep01_seed55.csv,MDS_SMACOF_completed_p50_rep01_seed55.csv,
MDS-SMACOF,50,2,56,MDS_SMACOF_completed_p50_rep02_seed56.csv,mds_smacof_outputs/completed_matrices/MDS_SMACOF_completed_p50_rep02_seed56.csv,0.4952380952380952,105,52,53,210,52,0.0569227760205018,0.0451661253791506,0.5164507647917989,0.6177751216596943,0.0177017359999354,True,True,True,391,391,0.0,0.0,missing_p50_rep02_seed56.csv,MDS_SMACOF_completed_p50_rep02_seed56.csv,
MDS-SMACOF,50,3,57,MDS_SMACOF_completed_p50_rep03_seed57.csv,mds_smacof_outputs/completed_matrices/MDS_SMACOF_completed_p50_rep03_seed57.csv,0.4952380952380952,105,52,53,210,52,0.0409024183934224,0.0340663202277336,0.605029612486989,0.6571330999743874,0.0230794189999414,True,True,True,505,505,0.0,0.0,missing_p50_rep03_seed57.csv,MDS_SMACOF_completed_p50_rep03_seed57.csv,
MDS-SMACOF,50,4,58,MDS_SMACOF_completed_p50_rep04_seed58.csv,mds_smacof_outputs/completed_matrices/MDS_SMACOF_completed_p50_rep04_seed58.csv,0.4952380952380952,105,52,53,210,52,0.0413453640023229,0.0354665797877969,0.8017853358739073,0.725604029710578,0.013005258000021,True,True,True,283,283,0.0,0.0,missing_p50_rep04_seed58.csv,MDS_SMACOF_completed_p50_rep04_seed58.csv,
MDS-SMACOF,50,5,59,MDS_SMACOF_completed_p50_rep05_seed59.csv,mds_smacof_outputs/completed_matrices/MDS_SMACOF_completed_p50_rep05_seed59.csv,0.4952380952380952,105,52,53,210,52,0.0336363761311355,0.0269318976116191,0.8005531398921406,0.7722189020746179,0.0156345369998689,True,True,True,285,285,0.0,0.0,missing_p50_rep05_seed59.csv,MDS_SMACOF_completed_p50_rep05_seed59.csv,
MDS-SMACOF,50,6,60,MDS_SMACOF_completed_p50_rep06_seed60.csv,mds_smacof_outputs/completed_matrices/MDS_SMACOF_completed_p50_rep06_seed60.csv,0.4952380952380952,105,52,53,210,52,0.0329199830746482,0.0270168184706854,0.8596577200714137,0.6782207803295484,0.0179418799998529,True,True,True,403,403,0.0,0.0,missing_p50_rep06_seed60.csv,MDS_SMACOF_completed_p50_rep06_seed60.csv,
MDS-SMACOF,50,7,61,MDS_SMACOF_completed_p50_rep07_seed61.csv,mds_smacof_outputs/completed_matrices/MDS_SMACOF_completed_p50_rep07_seed61.csv,0.4952380952380952,105,52,53,210,52,0.0547383842060953,0.0427881289784979,0.5390133614267707,0.5755997609493724,0.0160305130000324,True,True,True,343,343,0.0,0.0,missing_p50_rep07_seed61.csv,MDS_SMACOF_completed_p50_rep07_seed61.csv,
MDS-SMACOF,50,8,62,MDS_SMACOF_completed_p50_rep08_seed62.csv,mds_smacof_outputs/completed_matrices/MDS_SMACOF_completed_p50_rep08_seed62.csv,0.4952380952380952,105,52,53,210,52,0.0325620489508876,0.0262188044598825,0.8330834804933035,0.7384956885511824,0.0139939849998427,True,True,True,312,312,0.0,0.0,missing_p50_rep08_seed62.csv,MDS_SMACOF_completed_p50_rep08_seed62.csv,
MDS-SMACOF,50,9,63,MDS_SMACOF_completed_p50_rep09_seed63.csv,mds_smacof_outputs/completed_matrices/MDS_SMACOF_completed_p50_rep09_seed63.csv,0.4952380952380952,105,52,53,210,52,0.041525696978646,0.0339945211540012,0.8170887703123442,0.7460940834969692,0.0198686789999555,True,True,True,359,359,0.0,0.0,missing_p50_rep09_seed63.csv,MDS_SMACOF_completed_p50_rep09_seed63.csv,
MDS-SMACOF,50,10,64,MDS_SMACOF_completed_p50_rep10_seed64.csv,mds_smacof_outputs/completed_matrices/MDS_SMACOF_completed_p50_rep10_seed64.csv,0.4952380952380952,105,52,53,210,52,0.0535297178263355,0.0403488944717488,0.5805263513009927,0.7288482882267565,0.0167570359999444,True,True,True,334,334,0.0,0.0,missing_p50_rep10_seed64.csv,MDS_SMACOF_completed_p50_rep10_seed64.csv,
MDS-SMACOF,50,11,65,MDS_SMACOF_completed_p50_rep11_seed65.csv,mds_smacof_outputs/completed_matrices/MDS_SMACOF_completed_p50_rep11_seed65.csv,0.4952380952380952,105,52,53,210,52,0.038972561435581,0.0327574526369863,0.7264272367591627,0.6614018611798855,0.0268049000001155,True,True,True,518,518,0.0,0.0,missing_p50_rep11_seed65.csv,MDS_SMACOF_completed_p50_rep11_seed65.csv,
MDS-SMACOF,50,12,66,MDS_SMACOF_completed_p50_rep12_seed66.csv,mds_smacof_outputs/completed_matrices/MDS_SMACOF_completed_p50_rep12_seed66.csv,0.4952380952380952,105,52,53,210,52,0.0471178567237592,0.0363615715240507,0.6925022416413193,0.788098693759071,0.0270927130000018,True,True,True,578,578,0.0,0.0,missing_p50_rep12_seed66.csv,MDS_SMACOF_completed_p50_rep12_seed66.csv,
MDS-SMACOF,50,13,67,MDS_SMACOF_completed_p50_rep13_seed67.csv,mds_smacof_outputs/completed_matrices/MDS_SMACOF_completed_p50_rep13_seed67.csv,0.4952380952380952,105,52,53,210,52,0.0625889542588902,0.0474030451761294,0.4839427369692033,0.5560488346281909,0.0129757250001603,True,True,True,294,294,0.0,0.0,missing_p50_rep13_seed67.csv,MDS_SMACOF_completed_p50_rep13_seed67.csv,
MDS-SMACOF,50,14,68,MDS_SMACOF_completed_p50_rep14_seed68.csv,mds_smacof_outputs/completed_matrices/MDS_SMACOF_completed_p50_rep14_seed68.csv,0.4952380952380952,105,52,53,210,52,0.0549984394744402,0.040941237684166,0.5218510633280984,0.7544608554597455,0.0150887839999995,True,True,True,339,339,0.0,0.0,missing_p50_rep14_seed68.csv,MDS_SMACOF_completed_p50_rep14_seed68.csv,
MDS-SMACOF,50,15,69,MDS_SMACOF_completed_p50_rep15_seed69.csv,mds_smacof_outputs/completed_matrices/MDS_SMACOF_completed_p50_rep15_seed69.csv,0.4952380952380952,105,52,53,210,52,0.0383342013646452,0.03189270483836,0.7560083947910528,0.7059677281652863,0.0167888050000328,True,True,True,369,369,0.0,0.0,missing_p50_rep15_seed69.csv,MDS_SMACOF_completed_p50_rep15_seed69.csv,
MDS-SMACOF,50,16,70,MDS_SMACOF_completed_p50_rep16_seed70.csv,mds_smacof_outputs/completed_matrices/MDS_SMACOF_completed_p50_rep16_seed70.csv,0.4952380952380952,105,52,53,210,52,0.0360268970764925,0.0303693839807272,0.7713137308875774,0.4902245368394092,0.0151801409999734,True,True,True,344,344,0.0,0.0,missing_p50_rep16_seed70.csv,MDS_SMACOF_completed_p50_rep16_seed70.csv,
MDS-SMACOF,50,17,71,MDS_SMACOF_completed_p50_rep17_seed71.csv,mds_smacof_outputs/completed_matrices/MDS_SMACOF_completed_p50_rep17_seed71.csv,0.4952380952380952,105,52,53,210,52,0.0404695721423231,0.0323765434147088,0.7292350718686977,0.8439340903269871,0.0178278419998605,True,True,True,413,413,0.0,0.0,missing_p50_rep17_seed71.csv,MDS_SMACOF_completed_p50_rep17_seed71.csv,
MDS-SMACOF,50,18,72,MDS_SMACOF_completed_p50_rep18_seed72.csv,mds_smacof_outputs/completed_matrices/MDS_SMACOF_completed_p50_rep18_seed72.csv,0.4952380952380952,105,52,53,210,52,0.0375059714276421,0.0308836600935347,0.806010172048417,0.6947835738068813,0.0175932859999647,True,True,True,394,394,0.0,0.0,missing_p50_rep18_seed72.csv,MDS_SMACOF_completed_p50_rep18_seed72.csv,
MDS-SMACOF,50,19,73,MDS_SMACOF_completed_p50_rep19_seed73.csv,mds_smacof_outputs/completed_matrices/MDS_SMACOF_completed_p50_rep19_seed73.csv,0.4952380952380952,105,52,53,210,52,0.049534330016403,0.0380023933378772,0.6172461997331965,0.6712200119525313,0.0149717109998164,True,True,True,295,295,0.0,0.0,missing_p50_rep19_seed73.csv,MDS_SMACOF_completed_p50_rep19_seed73.csv,
MDS-SMACOF,50,20,74,MDS_SMACOF_completed_p50_rep20_seed74.csv,mds_smacof_outputs/completed_matrices/MDS_SMACOF_completed_p50_rep20_seed74.csv,0.4952380952380952,105,52,53,210,52,0.0329484658453131,0.0278697598954605,0.8048460540048056,0.7752070349184667,0.0178973409999798,True,True,True,396,396,0.0,0.0,missing_p50_rep20_seed74.csv,MDS_SMACOF_completed_p50_rep20_seed74.csv,
MDS-SMACOF,50,21,75,MDS_SMACOF_completed_p50_rep21_seed75.csv,mds_smacof_outputs/completed_matrices/MDS_SMACOF_completed_p50_rep21_seed75.csv,0.4952380952380952,105,52,53,210,52,0.036301425312666,0.02979245077709,0.9217173594042136,0.9019892427217622,0.018110575999799,True,True,True,356,356,0.0,0.0,missing_p50_rep21_seed75.csv,MDS_SMACOF_completed_p50_rep21_seed75.csv,
MDS-SMACOF,50,22,76,MDS_SMACOF_completed_p50_rep22_seed76.csv,mds_smacof_outputs/completed_matrices/MDS_SMACOF_completed_p50_rep22_seed76.csv,0.4952380952380952,105,52,53,210,52,0.0337835006081283,0.0285494113743352,0.8235893623850303,0.8452147186886365,0.0402545409999675,True,True,True,587,587,0.0,0.0,missing_p50_rep22_seed76.csv,MDS_SMACOF_completed_p50_rep22_seed76.csv,
MDS-SMACOF,50,23,77,MDS_SMACOF_completed_p50_rep23_seed77.csv,mds_smacof_outputs/completed_matrices/MDS_SMACOF_completed_p50_rep23_seed77.csv,0.4952380952380952,105,52,53,210,52,0.0408651725648053,0.0355314131766335,0.8352138847536067,0.590455049944506,0.024772385999995,True,True,True,518,518,0.0,0.0,missing_p50_rep23_seed77.csv,MDS_SMACOF_completed_p50_rep23_seed77.csv,
MDS-SMACOF,50,24,78,MDS_SMACOF_completed_p50_rep24_seed78.csv,mds_smacof_outputs/completed_matrices/MDS_SMACOF_completed_p50_rep24_seed78.csv,0.4952380952380952,105,52,53,210,52,0.0443124926393904,0.0322792137862522,0.7717865714230966,0.8677537778536668,0.0165883330000724,True,True,True,347,347,0.0,0.0,missing_p50_rep24_seed78.csv,MDS_SMACOF_completed_p50_rep24_seed78.csv,
MDS-SMACOF,50,25,79,MDS_SMACOF_completed_p50_rep25_seed79.csv,mds_smacof_outputs/completed_matrices/MDS_SMACOF_completed_p50_rep25_seed79.csv,0.4952380952380952,105,52,53,210,52,0.0425932676658316,0.0336937955263629,0.6854771796090315,0.7028088448732177,0.0169772700000976,True,True,True,379,379,0.0,0.0,missing_p50_rep25_seed79.csv,MDS_SMACOF_completed_p50_rep25_seed79.csv,
MDS-SMACOF,50,26,80,MDS_SMACOF_completed_p50_rep26_seed80.csv,mds_smacof_outputs/completed_matrices/MDS_SMACOF_completed_p50_rep26_seed80.csv,0.4952380952380952,105,52,53,210,52,0.0391358374071008,0.0304787726867031,0.8711343264868635,0.7924528301886792,0.0149966029998722,True,True,True,343,343,0.0,0.0,missing_p50_rep26_seed80.csv,MDS_SMACOF_completed_p50_rep26_seed80.csv,
MDS-SMACOF,50,27,81,MDS_SMACOF_completed_p50_rep27_seed81.csv,mds_smacof_outputs/completed_matrices/MDS_SMACOF_completed_p50_rep27_seed81.csv,0.4952380952380952,105,52,53,210,52,0.0335710134184026,0.0278926912115173,0.837337543219761,0.771792025954068,0.0144875329999649,True,True,True,317,317,0.0,0.0,missing_p50_rep27_seed81.csv,MDS_SMACOF_completed_p50_rep27_seed81.csv,
MDS-SMACOF,50,28,82,MDS_SMACOF_completed_p50_rep28_seed82.csv,mds_smacof_outputs/completed_matrices/MDS_SMACOF_completed_p50_rep28_seed82.csv,0.4952380952380952,105,52,53,210,52,0.0461871371873251,0.0335274771897473,0.7009805525499752,0.7874156919661914,0.0173209720001068,True,True,True,375,375,0.0,0.0,missing_p50_rep28_seed82.csv,MDS_SMACOF_completed_p50_rep28_seed82.csv,
MDS-SMACOF,50,29,83,MDS_SMACOF_completed_p50_rep29_seed83.csv,mds_smacof_outputs/completed_matrices/MDS_SMACOF_completed_p50_rep29_seed83.csv,0.4952380952380952,105,52,53,210,52,0.0397481201609564,0.0359018319821065,0.7142614816121968,0.5608298471783488,0.0301695890000246,True,True,True,573,573,0.0,0.0,missing_p50_rep29_seed83.csv,MDS_SMACOF_completed_p50_rep29_seed83.csv,
MDS-SMACOF,50,30,84,MDS_SMACOF_completed_p50_rep30_seed84.csv,mds_smacof_outputs/completed_matrices/MDS_SMACOF_completed_p50_rep30_seed84.csv,0.4952380952380952,105,52,53,210,52,0.0437738379550833,0.0349955656324332,0.621984400914308,0.5522923247673525,0.016507606999994,True,True,True,290,290,0.0,0.0,missing_p50_rep30_seed84.csv,MDS_SMACOF_completed_p50_rep30_seed84.csv,
MDS-SMACOF,65,1,55,MDS_SMACOF_completed_p65_rep01_seed55.csv,mds_smacof_outputs/completed_matrices/MDS_SMACOF_completed_p65_rep01_seed55.csv,0.6476190476190476,105,68,37,210,68,0.0558968363774056,0.0439528844072908,0.4783380041305856,0.6288124594419208,0.0084472440000809,True,True,True,188,188,0.0,0.0,missing_p65_rep01_seed55.csv,MDS_SMACOF_completed_p65_rep01_seed55.csv,
MDS-SMACOF,65,2,56,MDS_SMACOF_completed_p65_rep02_seed56.csv,mds_smacof_outputs/completed_matrices/MDS_SMACOF_completed_p65_rep02_seed56.csv,0.6476190476190476,105,68,37,210,68,0.0580389698601069,0.0481410961811055,0.4314709714238118,0.5026911478413558,0.0103125890000228,True,True,True,237,237,0.0,0.0,missing_p65_rep02_seed56.csv,MDS_SMACOF_completed_p65_rep02_seed56.csv,
MDS-SMACOF,65,3,57,MDS_SMACOF_completed_p65_rep03_seed57.csv,mds_smacof_outputs/completed_matrices/MDS_SMACOF_completed_p65_rep03_seed57.csv,0.6476190476190476,105,68,37,210,68,0.038304834777112,0.0318473703208374,0.6567639615635814,0.5868610909646143,0.0084676540000145,True,True,True,183,183,0.0,0.0,missing_p65_rep03_seed57.csv,MDS_SMACOF_completed_p65_rep03_seed57.csv,
MDS-SMACOF,65,4,58,MDS_SMACOF_completed_p65_rep04_seed58.csv,mds_smacof_outputs/completed_matrices/MDS_SMACOF_completed_p65_rep04_seed58.csv,0.6476190476190476,105,68,37,210,68,0.0391780083107824,0.03345547747892,0.806030191012526,0.7281749818681528,0.0075124590000541,True,True,True,170,170,0.0,0.0,missing_p65_rep04_seed58.csv,MDS_SMACOF_completed_p65_rep04_seed58.csv,
MDS-SMACOF,65,5,59,MDS_SMACOF_completed_p65_rep05_seed59.csv,mds_smacof_outputs/completed_matrices/MDS_SMACOF_completed_p65_rep05_seed59.csv,0.6476190476190476,105,68,37,210,68,0.0399453570801447,0.0331265876974098,0.6516962998103526,0.6340420658854067,0.0098261840000759,True,True,True,175,175,0.0,0.0,missing_p65_rep05_seed59.csv,MDS_SMACOF_completed_p65_rep05_seed59.csv,
MDS-SMACOF,65,6,60,MDS_SMACOF_completed_p65_rep06_seed60.csv,mds_smacof_outputs/completed_matrices/MDS_SMACOF_completed_p65_rep06_seed60.csv,0.6476190476190476,105,68,37,210,68,0.0499671181032581,0.0394909414900418,0.453038332244896,0.617131732641142,0.0097944899998765,True,True,True,181,181,0.0,0.0,missing_p65_rep06_seed60.csv,MDS_SMACOF_completed_p65_rep06_seed60.csv,
MDS-SMACOF,65,7,61,MDS_SMACOF_completed_p65_rep07_seed61.csv,mds_smacof_outputs/completed_matrices/MDS_SMACOF_completed_p65_rep07_seed61.csv,0.6476190476190476,105,68,37,210,68,0.0599776511836714,0.0461120685897541,0.385869485958232,0.5599496125510554,0.0107099879999168,True,True,True,243,243,0.0,0.0,missing_p65_rep07_seed61.csv,MDS_SMACOF_completed_p65_rep07_seed61.csv,
MDS-SMACOF,65,8,62,MDS_SMACOF_completed_p65_rep08_seed62.csv,mds_smacof_outputs/completed_matrices/MDS_SMACOF_completed_p65_rep08_seed62.csv,0.6476190476190476,105,68,37,210,68,0.0393689050319798,0.0326156625733703,0.7926721974152413,0.7258464709699582,0.0100169980000828,True,True,True,211,211,0.0,0.0,missing_p65_rep08_seed62.csv,MDS_SMACOF_completed_p65_rep08_seed62.csv,
MDS-SMACOF,65,9,63,MDS_SMACOF_completed_p65_rep09_seed63.csv,mds_smacof_outputs/completed_matrices/MDS_SMACOF_completed_p65_rep09_seed63.csv,0.6476190476190476,105,68,37,210,68,0.0460044677142749,0.0381898893636039,0.7033124765493675,0.5672023514142841,0.0112327350000214,True,True,True,205,205,0.0,0.0,missing_p65_rep09_seed63.csv,MDS_SMACOF_completed_p65_rep09_seed63.csv,
MDS-SMACOF,65,10,64,MDS_SMACOF_completed_p65_rep10_seed64.csv,mds_smacof_outputs/completed_matrices/MDS_SMACOF_completed_p65_rep10_seed64.csv,0.6476190476190476,105,68,37,210,68,0.0559563562827508,0.0452223868011887,0.4906851363567041,0.6110241630721075,0.0072543690000657,True,True,True,161,161,0.0,0.0,missing_p65_rep10_seed64.csv,MDS_SMACOF_completed_p65_rep10_seed64.csv,
MDS-SMACOF,65,11,65,MDS_SMACOF_completed_p65_rep11_seed65.csv,mds_smacof_outputs/completed_matrices/MDS_SMACOF_completed_p65_rep11_seed65.csv,0.6476190476190476,105,68,37,210,68,0.048775724875869,0.0388656493962523,0.5718027129786247,0.71534908577318,0.0126965619999737,True,True,True,206,206,0.0,0.0,missing_p65_rep11_seed65.csv,MDS_SMACOF_completed_p65_rep11_seed65.csv,
MDS-SMACOF,65,12,66,MDS_SMACOF_completed_p65_rep12_seed66.csv,mds_smacof_outputs/completed_matrices/MDS_SMACOF_completed_p65_rep12_seed66.csv,0.6476190476190476,105,68,37,210,68,0.0477987147414654,0.0376580519899562,0.5473250173696023,0.6695804863152268,0.0069756549999056,True,True,True,156,156,0.0,0.0,missing_p65_rep12_seed66.csv,MDS_SMACOF_completed_p65_rep12_seed66.csv,
MDS-SMACOF,65,13,67,MDS_SMACOF_completed_p65_rep13_seed67.csv,mds_smacof_outputs/completed_matrices/MDS_SMACOF_completed_p65_rep13_seed67.csv,0.6476190476190476,105,68,37,210,68,0.0583824941007232,0.04555663624401,0.4871969147271122,0.7863114097034011,0.0066817060001085,True,True,True,153,153,0.0,0.0,missing_p65_rep13_seed67.csv,MDS_SMACOF_completed_p65_rep13_seed67.csv,
MDS-SMACOF,65,14,68,MDS_SMACOF_completed_p65_rep14_seed68.csv,mds_smacof_outputs/completed_matrices/MDS_SMACOF_completed_p65_rep14_seed68.csv,0.6476190476190476,105,68,37,210,68,0.051671226740372,0.0397279509097696,0.5324614527934012,0.6670611138680002,0.0124514599999656,True,True,True,262,262,0.0,0.0,missing_p65_rep14_seed68.csv,MDS_SMACOF_completed_p65_rep14_seed68.csv,
MDS-SMACOF,65,15,69,MDS_SMACOF_completed_p65_rep15_seed69.csv,mds_smacof_outputs/completed_matrices/MDS_SMACOF_completed_p65_rep15_seed69.csv,0.6476190476190476,105,68,37,210,68,0.0502484344476839,0.0400221625241783,0.3118650135129046,0.4138641829217085,0.0088854489999903,True,True,True,180,180,0.0,0.0,missing_p65_rep15_seed69.csv,MDS_SMACOF_completed_p65_rep15_seed69.csv,
MDS-SMACOF,65,16,70,MDS_SMACOF_completed_p65_rep16_seed70.csv,mds_smacof_outputs/completed_matrices/MDS_SMACOF_completed_p65_rep16_seed70.csv,0.6476190476190476,105,68,37,210,68,0.0449185075536286,0.0362616578201732,0.5877332242580283,0.4445165476963011,0.0113850550001188,True,True,True,253,253,0.0,0.0,missing_p65_rep16_seed70.csv,MDS_SMACOF_completed_p65_rep16_seed70.csv,
MDS-SMACOF,65,17,71,MDS_SMACOF_completed_p65_rep17_seed71.csv,mds_smacof_outputs/completed_matrices/MDS_SMACOF_completed_p65_rep17_seed71.csv,0.6476190476190476,105,68,37,210,68,0.0388499193459778,0.0317456846095875,0.7393432915189229,0.7141657441691797,0.0105210189999525,True,True,True,174,174,0.0,0.0,missing_p65_rep17_seed71.csv,MDS_SMACOF_completed_p65_rep17_seed71.csv,
MDS-SMACOF,65,18,72,MDS_SMACOF_completed_p65_rep18_seed72.csv,mds_smacof_outputs/completed_matrices/MDS_SMACOF_completed_p65_rep18_seed72.csv,0.6476190476190476,105,68,37,210,68,0.0492009766597622,0.0387714421301216,0.4336842552433274,0.5801427644386761,0.010270064999986,True,True,True,217,217,0.0,0.0,missing_p65_rep18_seed72.csv,MDS_SMACOF_completed_p65_rep18_seed72.csv,
MDS-SMACOF,65,19,73,MDS_SMACOF_completed_p65_rep19_seed73.csv,mds_smacof_outputs/completed_matrices/MDS_SMACOF_completed_p65_rep19_seed73.csv,0.6476190476190476,105,68,37,210,68,0.0542129856526024,0.0435466290456672,0.3034204379340223,0.2949956101843722,0.007617812999797,True,True,True,165,165,0.0,0.0,missing_p65_rep19_seed73.csv,MDS_SMACOF_completed_p65_rep19_seed73.csv,
MDS-SMACOF,65,20,74,MDS_SMACOF_completed_p65_rep20_seed74.csv,mds_smacof_outputs/completed_matrices/MDS_SMACOF_completed_p65_rep20_seed74.csv,0.6476190476190476,105,68,37,210,68,0.0524240337941206,0.040959330642963,0.6551720377945034,0.7838683818757872,0.0091624289998435,True,True,True,196,196,0.0,0.0,missing_p65_rep20_seed74.csv,MDS_SMACOF_completed_p65_rep20_seed74.csv,
MDS-SMACOF,65,21,75,MDS_SMACOF_completed_p65_rep21_seed75.csv,mds_smacof_outputs/completed_matrices/MDS_SMACOF_completed_p65_rep21_seed75.csv,0.6476190476190476,105,68,37,210,68,0.055018864686231,0.0422258926971984,0.5080971858056784,0.659197618047868,0.0062668650000432,True,True,True,140,140,0.0,0.0,missing_p65_rep21_seed75.csv,MDS_SMACOF_completed_p65_rep21_seed75.csv,
MDS-SMACOF,65,22,76,MDS_SMACOF_completed_p65_rep22_seed76.csv,mds_smacof_outputs/completed_matrices/MDS_SMACOF_completed_p65_rep22_seed76.csv,0.6476190476190476,105,68,37,210,68,0.0439426723118663,0.0354458793053718,0.5447995855478732,0.7301217696682826,0.0154651630000444,True,True,True,287,287,0.0,0.0,missing_p65_rep22_seed76.csv,MDS_SMACOF_completed_p65_rep22_seed76.csv,
MDS-SMACOF,65,23,77,MDS_SMACOF_completed_p65_rep23_seed77.csv,mds_smacof_outputs/completed_matrices/MDS_SMACOF_completed_p65_rep23_seed77.csv,0.6476190476190476,105,68,37,210,68,0.0409401205247127,0.0350350727456255,0.8033549923667292,0.6945070046188494,0.015514019999955,True,True,True,228,228,0.0,0.0,missing_p65_rep23_seed77.csv,MDS_SMACOF_completed_p65_rep23_seed77.csv,
MDS-SMACOF,65,24,78,MDS_SMACOF_completed_p65_rep24_seed78.csv,mds_smacof_outputs/completed_matrices/MDS_SMACOF_completed_p65_rep24_seed78.csv,0.6476190476190476,105,68,37,210,68,0.0582775657257388,0.0444476372452847,0.2242649363146228,0.3145398328052829,0.0111696500000562,True,True,True,154,154,0.0,0.0,missing_p65_rep24_seed78.csv,MDS_SMACOF_completed_p65_rep24_seed78.csv,
MDS-SMACOF,65,25,79,MDS_SMACOF_completed_p65_rep25_seed79.csv,mds_smacof_outputs/completed_matrices/MDS_SMACOF_completed_p65_rep25_seed79.csv,0.6476190476190476,105,68,37,210,68,0.0477096382131896,0.0374884873242469,0.4833050585899651,0.6693514524563882,0.0087964310000643,True,True,True,201,201,0.0,0.0,missing_p65_rep25_seed79.csv,MDS_SMACOF_completed_p65_rep25_seed79.csv,
MDS-SMACOF,65,26,80,MDS_SMACOF_completed_p65_rep26_seed80.csv,mds_smacof_outputs/completed_matrices/MDS_SMACOF_completed_p65_rep26_seed80.csv,0.6476190476190476,105,68,37,210,68,0.0376895429246809,0.029793148876955,0.8467813430978992,0.7502767492460968,0.0121953679999933,True,True,True,268,268,0.0,0.0,missing_p65_rep26_seed80.csv,MDS_SMACOF_completed_p65_rep26_seed80.csv,
MDS-SMACOF,65,27,81,MDS_SMACOF_completed_p65_rep27_seed81.csv,mds_smacof_outputs/completed_matrices/MDS_SMACOF_completed_p65_rep27_seed81.csv,0.6476190476190476,105,68,37,210,68,0.0450241997435415,0.0373760837799088,0.7325328705237504,0.5857540939802267,0.0080225450001307,True,True,True,177,177,0.0,0.0,missing_p65_rep27_seed81.csv,MDS_SMACOF_completed_p65_rep27_seed81.csv,
MDS-SMACOF,65,28,82,MDS_SMACOF_completed_p65_rep28_seed82.csv,mds_smacof_outputs/completed_matrices/MDS_SMACOF_completed_p65_rep28_seed82.csv,0.6476190476190476,105,68,37,210,68,0.0570369306090868,0.0444332796629789,0.2662053265636205,0.586517540176356,0.0064931300000807,True,True,True,138,138,0.0,0.0,missing_p65_rep28_seed82.csv,MDS_SMACOF_completed_p65_rep28_seed82.csv,
MDS-SMACOF,65,29,83,MDS_SMACOF_completed_p65_rep29_seed83.csv,mds_smacof_outputs/completed_matrices/MDS_SMACOF_completed_p65_rep29_seed83.csv,0.6476190476190476,105,68,37,210,68,0.0479628797469838,0.0401347519324043,0.788124789201764,0.8415849143031644,0.0122999800000798,True,True,True,140,140,0.0,0.0,missing_p65_rep29_seed83.csv,MDS_SMACOF_completed_p65_rep29_seed83.csv,
MDS-SMACOF,65,30,84,MDS_SMACOF_completed_p65_rep30_seed84.csv,mds_smacof_outputs/completed_matrices/MDS_SMACOF_completed_p65_rep30_seed84.csv,0.6476190476190476,105,68,37,210,68,0.0447143915276599,0.0368229268617166,0.5850774938046197,0.5187235179600717,0.0124245199999677,True,True,True,267,267,0.0,0.0,missing_p65_rep30_seed84.csv,MDS_SMACOF_completed_p65_rep30_seed84.csv,
MDS-SMACOF,85,1,55,MDS_SMACOF_completed_p85_rep01_seed55.csv,mds_smacof_outputs/completed_matrices/MDS_SMACOF_completed_p85_rep01_seed55.csv,0.8476190476190476,105,89,16,210,89,0.0558513536199378,0.0451937773283022,-0.0939186143547003,-0.2132297850555813,0.0003502039999148,True,True,True,1,1,0.0,0.0,missing_p85_rep01_seed55.csv,MDS_SMACOF_completed_p85_rep01_seed55.csv,
MDS-SMACOF,85,2,56,MDS_SMACOF_completed_p85_rep02_seed56.csv,mds_smacof_outputs/completed_matrices/MDS_SMACOF_completed_p85_rep02_seed56.csv,0.8476190476190476,105,89,16,210,89,0.0546883225769466,0.0447626482011712,0.3496924561737884,0.3003552464259958,0.0003157959999953,True,True,True,1,1,0.0,0.0,missing_p85_rep02_seed56.csv,MDS_SMACOF_completed_p85_rep02_seed56.csv,
MDS-SMACOF,85,3,57,MDS_SMACOF_completed_p85_rep03_seed57.csv,mds_smacof_outputs/completed_matrices/MDS_SMACOF_completed_p85_rep03_seed57.csv,0.8476190476190476,105,89,16,210,89,0.0524583433527052,0.0432995333878034,0.0922081831731505,0.0970207694926796,0.0045531020000453,True,True,True,47,47,0.0,0.0,missing_p85_rep03_seed57.csv,MDS_SMACOF_completed_p85_rep03_seed57.csv,
MDS-SMACOF,85,4,58,MDS_SMACOF_completed_p85_rep04_seed58.csv,mds_smacof_outputs/completed_matrices/MDS_SMACOF_completed_p85_rep04_seed58.csv,0.8476190476190476,105,89,16,210,89,0.0567620168208329,0.0484640083497004,0.2693137007040188,0.2356813651043756,0.0003522309998515,True,True,True,1,1,0.0,0.0,missing_p85_rep04_seed58.csv,MDS_SMACOF_completed_p85_rep04_seed58.csv,
MDS-SMACOF,85,5,59,MDS_SMACOF_completed_p85_rep05_seed59.csv,mds_smacof_outputs/completed_matrices/MDS_SMACOF_completed_p85_rep05_seed59.csv,0.8476190476190476,105,89,16,210,89,0.0598006865826691,0.0454592390512887,0.0571141707936119,-0.0107257493142527,0.0003160770002068,True,True,True,1,1,0.0,0.0,missing_p85_rep05_seed59.csv,MDS_SMACOF_completed_p85_rep05_seed59.csv,
MDS-SMACOF,85,6,60,MDS_SMACOF_completed_p85_rep06_seed60.csv,mds_smacof_outputs/completed_matrices/MDS_SMACOF_completed_p85_rep06_seed60.csv,0.8476190476190476,105,89,16,210,89,0.0645783524126701,0.0510773574772227,0.1901578672036785,0.2603102179874508,0.0003194479998001,True,True,True,1,1,0.0,0.0,missing_p85_rep06_seed60.csv,MDS_SMACOF_completed_p85_rep06_seed60.csv,
MDS-SMACOF,85,7,61,MDS_SMACOF_completed_p85_rep07_seed61.csv,mds_smacof_outputs/completed_matrices/MDS_SMACOF_completed_p85_rep07_seed61.csv,0.8476190476190476,105,89,16,210,89,0.0548918138035325,0.0444323383218001,-0.1115952478699184,-0.0420858228545468,0.0003906939998614,True,True,True,1,1,0.0,0.0,missing_p85_rep07_seed61.csv,MDS_SMACOF_completed_p85_rep07_seed61.csv,
MDS-SMACOF,85,8,62,MDS_SMACOF_completed_p85_rep08_seed62.csv,mds_smacof_outputs/completed_matrices/MDS_SMACOF_completed_p85_rep08_seed62.csv,0.8476190476190476,105,89,16,210,89,0.0564271382113656,0.0474934251324737,0.1091047104596859,0.2143173306094654,0.0016812210001262,True,True,True,30,30,0.0,0.0,missing_p85_rep08_seed62.csv,MDS_SMACOF_completed_p85_rep08_seed62.csv,
MDS-SMACOF,85,9,63,MDS_SMACOF_completed_p85_rep09_seed63.csv,mds_smacof_outputs/completed_matrices/MDS_SMACOF_completed_p85_rep09_seed63.csv,0.8476190476190476,105,89,16,210,89,0.0719931321696035,0.0579059872222078,0.0523610684959001,0.2901261104572116,0.0023531520000688,True,True,True,49,49,0.0,0.0,missing_p85_rep09_seed63.csv,MDS_SMACOF_completed_p85_rep09_seed63.csv,
MDS-SMACOF,85,10,64,MDS_SMACOF_completed_p85_rep10_seed64.csv,mds_smacof_outputs/completed_matrices/MDS_SMACOF_completed_p85_rep10_seed64.csv,0.8476190476190476,105,89,16,210,89,0.0546387523410958,0.0434331579859705,0.1911562484375088,0.2858412110904736,0.0003238189999592,True,True,True,1,1,0.0,0.0,missing_p85_rep10_seed64.csv,MDS_SMACOF_completed_p85_rep10_seed64.csv,
MDS-SMACOF,85,11,65,MDS_SMACOF_completed_p85_rep11_seed65.csv,mds_smacof_outputs/completed_matrices/MDS_SMACOF_completed_p85_rep11_seed65.csv,0.8476190476190476,105,89,16,210,89,0.0491929210454846,0.0395452487093297,0.4127999900297631,0.3930541368743616,0.0028950399998848,True,True,True,41,41,0.0,0.0,missing_p85_rep11_seed65.csv,MDS_SMACOF_completed_p85_rep11_seed65.csv,
MDS-SMACOF,85,12,66,MDS_SMACOF_completed_p85_rep12_seed66.csv,mds_smacof_outputs/completed_matrices/MDS_SMACOF_completed_p85_rep12_seed66.csv,0.8476190476190476,105,89,16,210,89,0.0562420972082895,0.0437002419300921,-0.3765145208695766,-0.4528303942986163,0.0003723120000813,True,True,True,1,1,0.0,0.0,missing_p85_rep12_seed66.csv,MDS_SMACOF_completed_p85_rep12_seed66.csv,
MDS-SMACOF,85,13,67,MDS_SMACOF_completed_p85_rep13_seed67.csv,mds_smacof_outputs/completed_matrices/MDS_SMACOF_completed_p85_rep13_seed67.csv,0.8476190476190476,105,89,16,210,89,0.0553875452364836,0.0430681951366832,-0.0871695958484938,-0.0162920825372009,0.0003627459998369,True,True,True,1,1,0.0,0.0,missing_p85_rep13_seed67.csv,MDS_SMACOF_completed_p85_rep13_seed67.csv,
MDS-SMACOF,85,14,68,MDS_SMACOF_completed_p85_rep14_seed68.csv,mds_smacof_outputs/completed_matrices/MDS_SMACOF_completed_p85_rep14_seed68.csv,0.8476190476190476,105,89,16,210,89,0.0550349665220186,0.0448391924111635,-0.1451809416440898,-0.0723353698221007,0.0003188350001437,True,True,True,1,1,0.0,0.0,missing_p85_rep14_seed68.csv,MDS_SMACOF_completed_p85_rep14_seed68.csv,
MDS-SMACOF,85,15,69,MDS_SMACOF_completed_p85_rep15_seed69.csv,mds_smacof_outputs/completed_matrices/MDS_SMACOF_completed_p85_rep15_seed69.csv,0.8476190476190476,105,89,16,210,89,0.0561038529086066,0.0445968747232496,-0.0427552713221512,-0.0500426456494855,0.0007983460000104,True,True,True,1,1,0.0,0.0,missing_p85_rep15_seed69.csv,MDS_SMACOF_completed_p85_rep15_seed69.csv,
MDS-SMACOF,85,16,70,MDS_SMACOF_completed_p85_rep16_seed70.csv,mds_smacof_outputs/completed_matrices/MDS_SMACOF_completed_p85_rep16_seed70.csv,0.8476190476190476,105,89,16,210,89,0.0544575770371813,0.0448969737939721,0.1694162767911982,0.4097548518896834,0.0025810699999055,True,True,True,50,50,0.0,0.0,missing_p85_rep16_seed70.csv,MDS_SMACOF_completed_p85_rep16_seed70.csv,
MDS-SMACOF,85,17,71,MDS_SMACOF_completed_p85_rep17_seed71.csv,mds_smacof_outputs/completed_matrices/MDS_SMACOF_completed_p85_rep17_seed71.csv,0.8476190476190476,105,89,16,210,89,0.078822598643429,0.0635106069271394,-0.1526970178593476,0.1775821856264427,0.0020020970000587,True,True,True,39,39,0.0,0.0,missing_p85_rep17_seed71.csv,MDS_SMACOF_completed_p85_rep17_seed71.csv,
MDS-SMACOF,85,18,72,MDS_SMACOF_completed_p85_rep18_seed72.csv,mds_smacof_outputs/completed_matrices/MDS_SMACOF_completed_p85_rep18_seed72.csv,0.8476190476190476,105,89,16,210,89,0.0557136710268634,0.0434355304413242,0.1110400422761856,0.0648671218099734,0.0003637379998053,True,True,True,1,1,0.0,0.0,missing_p85_rep18_seed72.csv,MDS_SMACOF_completed_p85_rep18_seed72.csv,
MDS-SMACOF,85,19,73,MDS_SMACOF_completed_p85_rep19_seed73.csv,mds_smacof_outputs/completed_matrices/MDS_SMACOF_completed_p85_rep19_seed73.csv,0.8476190476190476,105,89,16,210,89,0.0551415293912897,0.0453455756147441,-0.0020517352673168,0.0442845583823953,0.0003202069999588,True,True,True,1,1,0.0,0.0,missing_p85_rep19_seed73.csv,MDS_SMACOF_completed_p85_rep19_seed73.csv,
MDS-SMACOF,85,20,74,MDS_SMACOF_completed_p85_rep20_seed74.csv,mds_smacof_outputs/completed_matrices/MDS_SMACOF_completed_p85_rep20_seed74.csv,0.8476190476190476,105,89,16,210,89,0.0940697304079461,0.0733872604193243,-0.2913674216715291,-0.1658537005489075,0.0026416579999022,True,True,True,50,50,0.0,0.0,missing_p85_rep20_seed74.csv,MDS_SMACOF_completed_p85_rep20_seed74.csv,
MDS-SMACOF,85,21,75,MDS_SMACOF_completed_p85_rep21_seed75.csv,mds_smacof_outputs/completed_matrices/MDS_SMACOF_completed_p85_rep21_seed75.csv,0.8476190476190476,105,89,16,210,89,0.0551888306854124,0.0442812167637164,-0.0432550542641875,-0.1267523630216408,0.0003307940000922,True,True,True,1,1,0.0,0.0,missing_p85_rep21_seed75.csv,MDS_SMACOF_completed_p85_rep21_seed75.csv,
MDS-SMACOF,85,22,76,MDS_SMACOF_completed_p85_rep22_seed76.csv,mds_smacof_outputs/completed_matrices/MDS_SMACOF_completed_p85_rep22_seed76.csv,0.8476190476190476,105,89,16,210,89,0.0532724756370871,0.0462620687870829,0.4565921575001249,0.5639087504256044,0.0029769000000214,True,True,True,46,46,0.0,0.0,missing_p85_rep22_seed76.csv,MDS_SMACOF_completed_p85_rep22_seed76.csv,
MDS-SMACOF,85,23,77,MDS_SMACOF_completed_p85_rep23_seed77.csv,mds_smacof_outputs/completed_matrices/MDS_SMACOF_completed_p85_rep23_seed77.csv,0.8476190476190476,105,89,16,210,89,0.0702366175432198,0.0565415395266908,-0.3305180342768689,-0.3409635374796494,0.0005265009999675,True,True,True,1,1,0.0,0.0,missing_p85_rep23_seed77.csv,MDS_SMACOF_completed_p85_rep23_seed77.csv,
MDS-SMACOF,85,24,78,MDS_SMACOF_completed_p85_rep24_seed78.csv,mds_smacof_outputs/completed_matrices/MDS_SMACOF_completed_p85_rep24_seed78.csv,0.8476190476190476,105,89,16,210,89,0.0541775713052564,0.0446083234338905,0.3331596728435442,0.433197139938713,0.0011731170000075,True,True,True,17,17,0.0,0.0,missing_p85_rep24_seed78.csv,MDS_SMACOF_completed_p85_rep24_seed78.csv,
MDS-SMACOF,85,25,79,MDS_SMACOF_completed_p85_rep25_seed79.csv,mds_smacof_outputs/completed_matrices/MDS_SMACOF_completed_p85_rep25_seed79.csv,0.8476190476190476,105,89,16,210,89,0.0562294735577224,0.0421020831478381,0.1506209493032499,0.263279181810061,0.00037002199997,True,True,True,1,1,0.0,0.0,missing_p85_rep25_seed79.csv,MDS_SMACOF_completed_p85_rep25_seed79.csv,
MDS-SMACOF,85,26,80,MDS_SMACOF_completed_p85_rep26_seed80.csv,mds_smacof_outputs/completed_matrices/MDS_SMACOF_completed_p85_rep26_seed80.csv,0.8476190476190476,105,89,16,210,89,0.0843813866431984,0.0647200169255944,-0.0477016007421321,-0.0648401555385688,0.0023367139999663,True,True,True,47,47,0.0,0.0,missing_p85_rep26_seed80.csv,MDS_SMACOF_completed_p85_rep26_seed80.csv,
MDS-SMACOF,85,27,81,MDS_SMACOF_completed_p85_rep27_seed81.csv,mds_smacof_outputs/completed_matrices/MDS_SMACOF_completed_p85_rep27_seed81.csv,0.8476190476190476,105,89,16,210,89,0.0540558253952714,0.0432033291355573,-0.0809951328669012,-0.0043907602556725,0.0004932849999477,True,True,True,1,1,0.0,0.0,missing_p85_rep27_seed81.csv,MDS_SMACOF_completed_p85_rep27_seed81.csv,
MDS-SMACOF,85,28,82,MDS_SMACOF_completed_p85_rep28_seed82.csv,mds_smacof_outputs/completed_matrices/MDS_SMACOF_completed_p85_rep28_seed82.csv,0.8476190476190476,105,89,16,210,89,0.0535706268473209,0.0434667266210272,0.1231616289268059,0.234510434666224,0.0003405709999242,True,True,True,1,1,0.0,0.0,missing_p85_rep28_seed82.csv,MDS_SMACOF_completed_p85_rep28_seed82.csv,
MDS-SMACOF,85,29,83,MDS_SMACOF_completed_p85_rep29_seed83.csv,mds_smacof_outputs/completed_matrices/MDS_SMACOF_completed_p85_rep29_seed83.csv,0.8476190476190476,105,89,16,210,89,0.0719658427612164,0.0591381365161864,-0.2303430191177082,-0.0312393598910452,0.0028533249999327,True,True,True,61,61,0.0,0.0,missing_p85_rep29_seed83.csv,MDS_SMACOF_completed_p85_rep29_seed83.csv,
MDS-SMACOF,85,30,84,MDS_SMACOF_completed_p85_rep30_seed84.csv,mds_smacof_outputs/completed_matrices/MDS_SMACOF_completed_p85_rep30_seed84.csv,0.8476190476190476,105,89,16,210,89,0.064282127456725,0.0454650234643874,0.4645145345160986,0.5033598679429935,0.0003368850000242,True,True,True,1,1,0.0,0.0,missing_p85_rep30_seed84.csv,MDS_SMACOF_completed_p85_rep30_seed84.csv,
