method,pct_missing,frac_missing_requested,missingness_actual,replicate,mask_seed,n_pairs_total,n_missing,n_observed,imputed_variables,optimized_variables,success,success_numerical,success_valid_matrix,status,reason,error_message,masked_file,completed_file,run_log_file,s_top,initial_known_graph_components,joins_performed,n_pair_selection_failures,last_active_clusters,tree_edges_final,runtime_seconds,Delta_total_completed,Delta_normalized_completed,Delta_per_triangle_completed,Delta_relative_to_original,Delta_original,Delta_normalized_original,RMSE_miss,MAE_miss,Pearson_miss,Spearman_miss,max_abs_error_observed,mean_abs_error_observed,epochs_used,convergence_epoch,njstar_config_json
NJstar-STRICT,30,0.3,0.3047619047619048,1,55,105,32,73,32,0,True,True,True,OK,OK,,missing_p30_rep01_seed55.csv,NJstar_STRICT_completed_p30_rep01_seed55.csv,njstar_strict_outputs/logs/NJstar_STRICT_p30_rep01_seed55.log,15,1,13,0,2,27,0.03516526500015971,74.6403245174846,0.027106603004975957,0.16404466926919692,1.596741296496911,46.74540871538672,0.02022617682793644,0.02411717079130171,0.016288846584072456,0.8952403033797504,0.7723607038123166,0.0,0.0,13,13,"{""S_TOP"": 15, ""PRESERVE_OBSERVED"": true}"
NJstar-STRICT,30,0.3,0.3047619047619048,2,56,105,32,73,32,0,True,True,True,OK,OK,,missing_p30_rep02_seed56.csv,NJstar_STRICT_completed_p30_rep02_seed56.csv,njstar_strict_outputs/logs/NJstar_STRICT_p30_rep02_seed56.log,15,1,13,0,2,27,0.015266391000068325,46.404403480785,0.020493929048707133,0.10198769995776923,0.9927050539513311,46.74540871538672,0.02022617682793644,0.03561916085748173,0.016757038581556964,0.8669898281327921,0.935850439882698,0.0,0.0,13,13,"{""S_TOP"": 15, ""PRESERVE_OBSERVED"": true}"
NJstar-STRICT,30,0.3,0.3047619047619048,3,57,105,32,73,32,0,True,True,True,OK,OK,,missing_p30_rep03_seed57.csv,NJstar_STRICT_completed_p30_rep03_seed57.csv,njstar_strict_outputs/logs/NJstar_STRICT_p30_rep03_seed57.log,15,1,13,0,2,27,0.008560177999925145,40.32479893716925,0.017728145126258203,0.08862593173004231,0.8626472640915414,46.74540871538672,0.02022617682793644,0.024678593532982976,0.012495208494346696,0.9100911635361643,0.9153225806451611,0.0,0.0,13,13,"{""S_TOP"": 15, ""PRESERVE_OBSERVED"": true}"
NJstar-STRICT,30,0.3,0.3047619047619048,4,58,105,32,73,32,0,True,True,True,OK,OK,,missing_p30_rep04_seed58.csv,NJstar_STRICT_completed_p30_rep04_seed58.csv,njstar_strict_outputs/logs/NJstar_STRICT_p30_rep04_seed58.log,15,1,13,0,2,27,0.016952542000126414,43.78849977027617,0.019011986756961495,0.096238461033574,0.9367443985116498,46.74540871538672,0.02022617682793644,0.015565156687044703,0.00510268503950966,0.9487487823082411,0.9534457478005866,0.0,0.0,13,13,"{""S_TOP"": 15, ""PRESERVE_OBSERVED"": true}"
NJstar-STRICT,30,0.3,0.3047619047619048,5,59,105,32,73,32,0,True,True,True,OK,OK,,missing_p30_rep05_seed59.csv,NJstar_STRICT_completed_p30_rep05_seed59.csv,njstar_strict_outputs/logs/NJstar_STRICT_p30_rep05_seed59.log,15,1,13,0,2,27,0.009091275999935533,78.06795343482614,0.028240085482310648,0.17157791963698052,1.670066763351013,46.74540871538672,0.02022617682793644,0.015314354373396968,0.011486710702966443,0.9533714381885562,0.8691348973607038,0.0,0.0,13,13,"{""S_TOP"": 15, ""PRESERVE_OBSERVED"": true}"
NJstar-STRICT,30,0.3,0.3047619047619048,6,60,105,32,73,32,0,True,True,True,OK,OK,,missing_p30_rep06_seed60.csv,NJstar_STRICT_completed_p30_rep06_seed60.csv,njstar_strict_outputs/logs/NJstar_STRICT_p30_rep06_seed60.log,15,1,13,0,2,27,0.008116931999893495,93.20265621261677,0.035843614545607645,0.2048410026650918,1.9938355182663785,46.74540871538672,0.02022617682793644,0.022784744518205613,0.01806779123710088,0.9008665111598275,0.8016862170087976,0.0,0.0,13,13,"{""S_TOP"": 15, ""PRESERVE_OBSERVED"": true}"
NJstar-STRICT,30,0.3,0.3047619047619048,7,61,105,32,73,32,0,True,True,True,OK,OK,,missing_p30_rep07_seed61.csv,NJstar_STRICT_completed_p30_rep07_seed61.csv,njstar_strict_outputs/logs/NJstar_STRICT_p30_rep07_seed61.log,15,1,13,0,2,27,0.008181635000028109,62.42459223528698,0.026094884991000253,0.13719690601161974,1.3354165457267528,46.74540871538672,0.02022617682793644,0.021172900306251387,0.01457047384705219,0.9417190096804613,0.9270527859237535,0.0,0.0,13,13,"{""S_TOP"": 15, ""PRESERVE_OBSERVED"": true}"
NJstar-STRICT,30,0.3,0.3047619047619048,8,62,105,32,73,32,0,True,True,True,OK,OK,,missing_p30_rep08_seed62.csv,NJstar_STRICT_completed_p30_rep08_seed62.csv,njstar_strict_outputs/logs/NJstar_STRICT_p30_rep08_seed62.log,15,1,13,0,2,27,0.008510698000009143,131.6989834536142,0.040583964072651385,0.28944831528266857,2.817367246812929,46.74540871538672,0.02022617682793644,0.022743580421306822,0.018700005389800305,0.8658240926066267,0.753299120234604,0.0,0.0,13,13,"{""S_TOP"": 15, ""PRESERVE_OBSERVED"": true}"
NJstar-STRICT,30,0.3,0.3047619047619048,9,63,105,32,73,32,0,True,True,True,OK,OK,,missing_p30_rep09_seed63.csv,NJstar_STRICT_completed_p30_rep09_seed63.csv,njstar_strict_outputs/logs/NJstar_STRICT_p30_rep09_seed63.log,15,1,13,0,2,27,0.008994294000103764,158.83191447317955,0.05008851995856311,0.34908113071028474,3.397807802692255,46.74540871538672,0.02022617682793644,0.03460643147955027,0.02657977816895024,0.8786108231259806,0.8555718475073313,0.0,0.0,13,13,"{""S_TOP"": 15, ""PRESERVE_OBSERVED"": true}"
NJstar-STRICT,30,0.3,0.3047619047619048,10,64,105,32,73,32,0,True,True,True,OK,OK,,missing_p30_rep10_seed64.csv,NJstar_STRICT_completed_p30_rep10_seed64.csv,njstar_strict_outputs/logs/NJstar_STRICT_p30_rep10_seed64.log,15,1,13,0,2,27,0.008312726999974984,49.6996853213155,0.020956946395016728,0.10923007762926483,1.0631992892374977,46.74540871538672,0.02022617682793644,0.040719500148689754,0.022647116148860405,0.8301837299942034,0.8651026392961876,0.0,0.0,13,13,"{""S_TOP"": 15, ""PRESERVE_OBSERVED"": true}"
NJstar-STRICT,30,0.3,0.3047619047619048,11,65,105,32,73,32,0,True,True,True,OK,OK,,missing_p30_rep11_seed65.csv,NJstar_STRICT_completed_p30_rep11_seed65.csv,njstar_strict_outputs/logs/NJstar_STRICT_p30_rep11_seed65.log,15,1,13,0,2,27,0.009058958999958122,49.15961218973703,0.020747071113324057,0.10804310371370776,1.0516457881254047,46.74540871538672,0.02022617682793644,0.02092644551683074,0.011292269834832015,0.8796791728539531,0.9145894428152491,0.0,0.0,13,13,"{""S_TOP"": 15, ""PRESERVE_OBSERVED"": true}"
NJstar-STRICT,30,0.3,0.3047619047619048,12,66,105,32,73,32,0,True,True,True,OK,OK,,missing_p30_rep12_seed66.csv,NJstar_STRICT_completed_p30_rep12_seed66.csv,njstar_strict_outputs/logs/NJstar_STRICT_p30_rep12_seed66.log,15,1,13,0,2,27,0.009588285000063479,146.19750347455522,0.03873890776892813,0.3213131944495719,3.1275264778342358,46.74540871538672,0.02022617682793644,0.027063304377972205,0.020016944890190624,0.9001350449433178,0.8563049853372433,0.0,0.0,13,13,"{""S_TOP"": 15, ""PRESERVE_OBSERVED"": true}"
NJstar-STRICT,30,0.3,0.3047619047619048,13,67,105,32,73,32,0,True,True,True,OK,OK,,missing_p30_rep13_seed67.csv,NJstar_STRICT_completed_p30_rep13_seed67.csv,njstar_strict_outputs/logs/NJstar_STRICT_p30_rep13_seed67.log,15,1,13,0,2,27,0.008102910999923552,42.31960645858294,0.018643197081220905,0.09301012408479767,0.9053211346647829,46.74540871538672,0.02022617682793644,0.032293930030680894,0.017777413802256545,0.9079241238554479,0.9010263929618767,0.0,0.0,13,13,"{""S_TOP"": 15, ""PRESERVE_OBSERVED"": true}"
NJstar-STRICT,30,0.3,0.3047619047619048,14,68,105,32,73,32,0,True,True,True,OK,OK,,missing_p30_rep14_seed68.csv,NJstar_STRICT_completed_p30_rep14_seed68.csv,njstar_strict_outputs/logs/NJstar_STRICT_p30_rep14_seed68.log,15,1,13,0,2,27,0.008569460999979128,44.28591993845423,0.019157224475733918,0.09733169217242688,0.9473854471589436,46.74540871538672,0.02022617682793644,0.004932201681433379,0.004147026188645625,0.9956696131950608,0.972507331378299,0.0,0.0,13,13,"{""S_TOP"": 15, ""PRESERVE_OBSERVED"": true}"
NJstar-STRICT,30,0.3,0.3047619047619048,15,69,105,32,73,32,0,True,True,True,OK,OK,,missing_p30_rep15_seed69.csv,NJstar_STRICT_completed_p30_rep15_seed69.csv,njstar_strict_outputs/logs/NJstar_STRICT_p30_rep15_seed69.log,15,1,13,0,2,27,0.00947643499989681,121.87085956726571,0.03804118692199788,0.2678480430049796,2.6071193496089955,46.74540871538672,0.02022617682793644,0.02352925627911377,0.017387698259456505,0.9091498071726807,0.8717008797653958,0.0,0.0,13,13,"{""S_TOP"": 15, ""PRESERVE_OBSERVED"": true}"
NJstar-STRICT,30,0.3,0.3047619047619048,16,70,105,32,73,32,0,True,True,True,OK,OK,,missing_p30_rep16_seed70.csv,NJstar_STRICT_completed_p30_rep16_seed70.csv,njstar_strict_outputs/logs/NJstar_STRICT_p30_rep16_seed70.log,15,1,13,0,2,27,0.00857496200001151,42.44302727278982,0.018858567487962757,0.09328137862151609,0.9079614113806918,46.74540871538672,0.02022617682793644,0.02392360542190647,0.010873619183672398,0.9107042118457198,0.8174486803519062,0.0,0.0,13,13,"{""S_TOP"": 15, ""PRESERVE_OBSERVED"": true}"
NJstar-STRICT,30,0.3,0.3047619047619048,17,71,105,32,73,32,0,True,True,True,OK,OK,,missing_p30_rep17_seed71.csv,NJstar_STRICT_completed_p30_rep17_seed71.csv,njstar_strict_outputs/logs/NJstar_STRICT_p30_rep17_seed71.log,15,1,13,0,2,27,0.008470096000110061,336.944451836055,0.05047171112268698,0.7405372567825385,7.208075853771417,46.74540871538672,0.02022617682793644,0.03260264610512086,0.025003580959579625,0.8729930527962869,0.6664222873900293,0.0,0.0,13,13,"{""S_TOP"": 15, ""PRESERVE_OBSERVED"": true}"
NJstar-STRICT,30,0.3,0.3047619047619048,18,72,105,32,73,32,0,True,True,True,OK,OK,,missing_p30_rep18_seed72.csv,NJstar_STRICT_completed_p30_rep18_seed72.csv,njstar_strict_outputs/logs/NJstar_STRICT_p30_rep18_seed72.log,15,1,13,0,2,27,0.013352482000072996,190.592483339211,0.043189792018229436,0.4188845787674967,4.077244986767557,46.74540871538672,0.02022617682793644,0.019973146291107777,0.014344807019531822,0.9439239108301116,0.9369501466275659,0.0,0.0,13,13,"{""S_TOP"": 15, ""PRESERVE_OBSERVED"": true}"
NJstar-STRICT,30,0.3,0.3047619047619048,19,73,105,32,73,32,0,True,True,True,OK,OK,,missing_p30_rep19_seed73.csv,NJstar_STRICT_completed_p30_rep19_seed73.csv,njstar_strict_outputs/logs/NJstar_STRICT_p30_rep19_seed73.log,15,1,13,0,2,27,0.014199527999835482,70.96801031808855,0.02871419996689131,0.15597364905074407,1.518181405797158,46.74540871538672,0.02022617682793644,0.018477060603555993,0.01427400295017301,0.9537485268273997,0.846407624633431,0.0,0.0,13,13,"{""S_TOP"": 15, ""PRESERVE_OBSERVED"": true}"
NJstar-STRICT,30,0.3,0.3047619047619048,20,74,105,32,73,32,0,False,False,False,FAIL,No eligible pair at r=3: need d_xy known and |S_xy|>=3.,RuntimeError('No eligible pair at r=3: need d_xy known and |S_xy|>=3.'),missing_p30_rep20_seed74.csv,,njstar_strict_outputs/logs/NJstar_STRICT_p30_rep20_seed74.log,15,1,12,1,3,-1,0.008410391999859712,,,,,46.74540871538672,0.02022617682793644,,,,,,,-1,-1,"{""S_TOP"": 15, ""PRESERVE_OBSERVED"": true}"
NJstar-STRICT,30,0.3,0.3047619047619048,21,75,105,32,73,32,0,False,False,False,FAIL,No eligible pair at r=3: need d_xy known and |S_xy|>=3.,RuntimeError('No eligible pair at r=3: need d_xy known and |S_xy|>=3.'),missing_p30_rep21_seed75.csv,,njstar_strict_outputs/logs/NJstar_STRICT_p30_rep21_seed75.log,15,1,12,1,3,-1,0.009062750000111919,,,,,46.74540871538672,0.02022617682793644,,,,,,,-1,-1,"{""S_TOP"": 15, ""PRESERVE_OBSERVED"": true}"
NJstar-STRICT,30,0.3,0.3047619047619048,22,76,105,32,73,32,0,True,True,True,OK,OK,,missing_p30_rep22_seed76.csv,NJstar_STRICT_completed_p30_rep22_seed76.csv,njstar_strict_outputs/logs/NJstar_STRICT_p30_rep22_seed76.log,15,1,13,0,2,27,0.01307621000000836,71.67752747890205,0.02833867882770653,0.15753302742615835,1.5333597341145648,46.74540871538672,0.02022617682793644,0.013950325753657742,0.010582427574259812,0.949331764809018,0.8717008797653958,0.0,0.0,13,13,"{""S_TOP"": 15, ""PRESERVE_OBSERVED"": true}"
NJstar-STRICT,30,0.3,0.3047619047619048,23,77,105,32,73,32,0,True,True,True,OK,OK,,missing_p30_rep23_seed77.csv,NJstar_STRICT_completed_p30_rep23_seed77.csv,njstar_strict_outputs/logs/NJstar_STRICT_p30_rep23_seed77.log,15,1,13,0,2,27,0.008926328999905309,47.8523766344412,0.020299425368874822,0.10517005853723341,1.023680783834715,46.74540871538672,0.02022617682793644,0.01409001087578917,0.005695213006061256,0.956162489926327,0.8335777126099706,0.0,0.0,13,13,"{""S_TOP"": 15, ""PRESERVE_OBSERVED"": true}"
NJstar-STRICT,30,0.3,0.3047619047619048,24,78,105,32,73,32,0,False,False,False,FAIL,No eligible pair at r=3: need d_xy known and |S_xy|>=3.,RuntimeError('No eligible pair at r=3: need d_xy known and |S_xy|>=3.'),missing_p30_rep24_seed78.csv,,njstar_strict_outputs/logs/NJstar_STRICT_p30_rep24_seed78.log,15,1,12,1,3,-1,0.008357892000049105,,,,,46.74540871538672,0.02022617682793644,,,,,,,-1,-1,"{""S_TOP"": 15, ""PRESERVE_OBSERVED"": true}"
NJstar-STRICT,30,0.3,0.3047619047619048,25,79,105,32,73,32,0,True,True,True,OK,OK,,missing_p30_rep25_seed79.csv,NJstar_STRICT_completed_p30_rep25_seed79.csv,njstar_strict_outputs/logs/NJstar_STRICT_p30_rep25_seed79.log,15,1,13,0,2,27,0.008155413000167755,59.28384220807763,0.02376128988379706,0.1302941586990717,1.2682281284357184,46.74540871538672,0.02022617682793644,0.017840543043247833,0.009890468372039642,0.9437972539266547,0.9006598240469208,0.0,0.0,13,13,"{""S_TOP"": 15, ""PRESERVE_OBSERVED"": true}"
NJstar-STRICT,30,0.3,0.3047619047619048,26,80,105,32,73,32,0,True,True,True,OK,OK,,missing_p30_rep26_seed80.csv,NJstar_STRICT_completed_p30_rep26_seed80.csv,njstar_strict_outputs/logs/NJstar_STRICT_p30_rep26_seed80.log,15,1,13,0,2,27,0.011351246999993236,57.51418775754702,0.02453497610728109,0.1264048082583451,1.2303708393636452,46.74540871538672,0.02022617682793644,0.024646940715801514,0.014279128293105629,0.913446182946679,0.8874633431085044,0.0,0.0,13,13,"{""S_TOP"": 15, ""PRESERVE_OBSERVED"": true}"
NJstar-STRICT,30,0.3,0.3047619047619048,27,81,105,32,73,32,0,True,True,True,OK,OK,,missing_p30_rep27_seed81.csv,NJstar_STRICT_completed_p30_rep27_seed81.csv,njstar_strict_outputs/logs/NJstar_STRICT_p30_rep27_seed81.log,15,1,13,0,2,27,0.008848517999922478,46.25080608160667,0.020127108209119376,0.1016501232562784,0.9894192253876422,46.74540871538672,0.02022617682793644,0.003055897179108963,0.0025455191518380603,0.9980720857838786,0.9827712609970674,0.0,0.0,13,13,"{""S_TOP"": 15, ""PRESERVE_OBSERVED"": true}"
NJstar-STRICT,30,0.3,0.3047619047619048,28,82,105,32,73,32,0,True,True,True,OK,OK,,missing_p30_rep28_seed82.csv,NJstar_STRICT_completed_p30_rep28_seed82.csv,njstar_strict_outputs/logs/NJstar_STRICT_p30_rep28_seed82.log,15,1,13,0,2,27,0.008634346999997433,55.581700901832406,0.02354751994051859,0.12215758439963166,1.1890301620902746,46.74540871538672,0.02022617682793644,0.021589469282510335,0.01292390020919858,0.9250903829169126,0.8706011730205279,0.0,0.0,13,13,"{""S_TOP"": 15, ""PRESERVE_OBSERVED"": true}"
NJstar-STRICT,30,0.3,0.3047619047619048,29,83,105,32,73,32,0,True,True,True,OK,OK,,missing_p30_rep29_seed83.csv,NJstar_STRICT_completed_p30_rep29_seed83.csv,njstar_strict_outputs/logs/NJstar_STRICT_p30_rep29_seed83.log,15,1,13,0,2,27,0.00824594799996703,49.68357182772243,0.02125379496003629,0.10919466335763171,1.0628545817242707,46.74540871538672,0.02022617682793644,0.008148949661676968,0.004325263072736737,0.9906545313971394,0.9820381231671553,0.0,0.0,13,13,"{""S_TOP"": 15, ""PRESERVE_OBSERVED"": true}"
NJstar-STRICT,30,0.3,0.3047619047619048,30,84,105,32,73,32,0,True,True,True,OK,OK,,missing_p30_rep30_seed84.csv,NJstar_STRICT_completed_p30_rep30_seed84.csv,njstar_strict_outputs/logs/NJstar_STRICT_p30_rep30_seed84.log,15,1,13,0,2,27,0.008758605999901192,49.39606024131609,0.020625184091988467,0.10856276976113427,1.0567039972218037,46.74540871538672,0.02022617682793644,0.025335924767358957,0.013140863837631026,0.8942200488104278,0.8306451612903225,0.0,0.0,13,13,"{""S_TOP"": 15, ""PRESERVE_OBSERVED"": true}"
NJstar-STRICT,50,0.5,0.49523809523809526,1,55,105,52,53,52,0,False,False,False,FAIL,No eligible pair at r=4: need d_xy known and |S_xy|>=3.,RuntimeError('No eligible pair at r=4: need d_xy known and |S_xy|>=3.'),missing_p50_rep01_seed55.csv,,njstar_strict_outputs/logs/NJstar_STRICT_p50_rep01_seed55.log,15,1,11,1,4,-1,0.006589246999965326,,,,,46.74540871538672,0.02022617682793644,,,,,,,-1,-1,"{""S_TOP"": 15, ""PRESERVE_OBSERVED"": true}"
NJstar-STRICT,50,0.5,0.49523809523809526,2,56,105,52,53,52,0,True,True,True,OK,OK,,missing_p50_rep02_seed56.csv,NJstar_STRICT_completed_p50_rep02_seed56.csv,njstar_strict_outputs/logs/NJstar_STRICT_p50_rep02_seed56.log,15,1,13,0,2,27,0.007705839999971431,51.55063059797321,0.022487577685502233,0.11329808922631475,1.1027955902972948,46.74540871538672,0.02022617682793644,0.02914189320794218,0.01753063638367431,0.9165987732255274,0.946384359258943,0.0,0.0,13,13,"{""S_TOP"": 15, ""PRESERVE_OBSERVED"": true}"
NJstar-STRICT,50,0.5,0.49523809523809526,3,57,105,52,53,52,0,False,False,False,FAIL,No eligible pair at r=3: need d_xy known and |S_xy|>=3.,RuntimeError('No eligible pair at r=3: need d_xy known and |S_xy|>=3.'),missing_p50_rep03_seed57.csv,,njstar_strict_outputs/logs/NJstar_STRICT_p50_rep03_seed57.log,15,1,12,1,3,-1,0.006715706000022692,,,,,46.74540871538672,0.02022617682793644,,,,,,,-1,-1,"{""S_TOP"": 15, ""PRESERVE_OBSERVED"": true}"
NJstar-STRICT,50,0.5,0.49523809523809526,4,58,105,52,53,52,0,False,False,False,FAIL,No eligible pair at r=3: need d_xy known and |S_xy|>=3.,RuntimeError('No eligible pair at r=3: need d_xy known and |S_xy|>=3.'),missing_p50_rep04_seed58.csv,,njstar_strict_outputs/logs/NJstar_STRICT_p50_rep04_seed58.log,15,1,12,1,3,-1,0.008118534000004729,,,,,46.74540871538672,0.02022617682793644,,,,,,,-1,-1,"{""S_TOP"": 15, ""PRESERVE_OBSERVED"": true}"
NJstar-STRICT,50,0.5,0.49523809523809526,5,59,105,52,53,52,0,True,True,True,OK,OK,,missing_p50_rep05_seed59.csv,NJstar_STRICT_completed_p50_rep05_seed59.csv,njstar_strict_outputs/logs/NJstar_STRICT_p50_rep05_seed59.log,15,1,13,0,2,27,0.006948515999965821,46.274217256373106,0.020035692556276186,0.1017015763876332,0.9899200483649099,46.74540871538672,0.02022617682793644,0.021536019278209466,0.00923557809822158,0.924800912630873,0.8872193289507384,0.0,0.0,13,13,"{""S_TOP"": 15, ""PRESERVE_OBSERVED"": true}"
NJstar-STRICT,50,0.5,0.49523809523809526,6,60,105,52,53,52,0,True,True,True,OK,OK,,missing_p50_rep06_seed60.csv,NJstar_STRICT_completed_p50_rep06_seed60.csv,njstar_strict_outputs/logs/NJstar_STRICT_p50_rep06_seed60.log,15,1,13,0,2,27,0.010540410000203337,78.57061310393546,0.03005905455909674,0.1726826661624955,1.6808198978924136,46.74540871538672,0.02022617682793644,0.01890536210891461,0.012194730795377253,0.9327384515923912,0.8830359429693503,0.0,0.0,13,13,"{""S_TOP"": 15, ""PRESERVE_OBSERVED"": true}"
NJstar-STRICT,50,0.5,0.49523809523809526,7,61,105,52,53,52,0,True,True,True,OK,OK,,missing_p50_rep07_seed61.csv,NJstar_STRICT_completed_p50_rep07_seed61.csv,njstar_strict_outputs/logs/NJstar_STRICT_p50_rep07_seed61.log,15,1,13,0,2,27,0.007312003999913941,87.55538015973602,0.03525031739259729,0.19242940694447477,1.8730263049538014,46.74540871538672,0.02022617682793644,0.029810390497967087,0.021386356305805206,0.8655011896745458,0.8992572355502433,0.0,0.0,13,13,"{""S_TOP"": 15, ""PRESERVE_OBSERVED"": true}"
NJstar-STRICT,50,0.5,0.49523809523809526,8,62,105,52,53,52,0,True,True,True,OK,OK,,missing_p50_rep08_seed62.csv,NJstar_STRICT_completed_p50_rep08_seed62.csv,njstar_strict_outputs/logs/NJstar_STRICT_p50_rep08_seed62.log,15,1,13,0,2,27,0.007141318999856594,121.91670410556665,0.044949779513794696,0.2679488002320146,2.608100077760932,46.74540871538672,0.02022617682793644,0.04158063230121997,0.02305598401183431,0.8155282282025809,0.8583625032015708,0.0,0.0,13,13,"{""S_TOP"": 15, ""PRESERVE_OBSERVED"": true}"
NJstar-STRICT,50,0.5,0.49523809523809526,9,63,105,52,53,52,0,True,True,True,OK,OK,,missing_p50_rep09_seed63.csv,NJstar_STRICT_completed_p50_rep09_seed63.csv,njstar_strict_outputs/logs/NJstar_STRICT_p50_rep09_seed63.log,15,1,13,0,2,27,0.007997062999947957,87.53381636375192,0.033474989017018314,0.19238201398626797,1.872565001981452,46.74540871538672,0.02022617682793644,0.02676584337595731,0.0177756212674112,0.8940096833257987,0.8508494834798941,0.0,0.0,13,13,"{""S_TOP"": 15, ""PRESERVE_OBSERVED"": true}"
NJstar-STRICT,50,0.5,0.49523809523809526,10,64,105,52,53,52,0,False,False,False,FAIL,No eligible pair at r=3: need d_xy known and |S_xy|>=3.,RuntimeError('No eligible pair at r=3: need d_xy known and |S_xy|>=3.'),missing_p50_rep10_seed64.csv,,njstar_strict_outputs/logs/NJstar_STRICT_p50_rep10_seed64.log,15,1,12,1,3,-1,0.0077089030000934144,,,,,46.74540871538672,0.02022617682793644,,,,,,,-1,-1,"{""S_TOP"": 15, ""PRESERVE_OBSERVED"": true}"
NJstar-STRICT,50,0.5,0.49523809523809526,11,65,105,52,53,52,0,False,False,False,FAIL,No eligible pair at r=3: need d_xy known and |S_xy|>=3.,RuntimeError('No eligible pair at r=3: need d_xy known and |S_xy|>=3.'),missing_p50_rep11_seed65.csv,,njstar_strict_outputs/logs/NJstar_STRICT_p50_rep11_seed65.log,15,1,12,1,3,-1,0.006745353000042087,,,,,46.74540871538672,0.02022617682793644,,,,,,,-1,-1,"{""S_TOP"": 15, ""PRESERVE_OBSERVED"": true}"
NJstar-STRICT,50,0.5,0.49523809523809526,12,66,105,52,53,52,0,True,True,True,OK,OK,,missing_p50_rep12_seed66.csv,NJstar_STRICT_completed_p50_rep12_seed66.csv,njstar_strict_outputs/logs/NJstar_STRICT_p50_rep12_seed66.log,15,1,13,0,2,27,0.006896968999853925,39.42454327419323,0.017405142486583296,0.08664734785536975,0.8433885670833005,46.74540871538672,0.02022617682793644,0.017820930058069645,0.008801427769978214,0.9654169172159512,0.9854008366771961,0.0,0.0,13,13,"{""S_TOP"": 15, ""PRESERVE_OBSERVED"": true}"
NJstar-STRICT,50,0.5,0.49523809523809526,13,67,105,52,53,52,0,True,True,True,OK,OK,,missing_p50_rep13_seed67.csv,NJstar_STRICT_completed_p50_rep13_seed67.csv,njstar_strict_outputs/logs/NJstar_STRICT_p50_rep13_seed67.log,15,1,13,0,2,27,0.007460805000164328,66.62895620015658,0.027941371533759262,0.1464372663739705,1.425358297877605,46.74540871538672,0.02022617682793644,0.051107320890403235,0.02942318856470083,0.6760367788984015,0.7895500725689406,0.0,0.0,13,13,"{""S_TOP"": 15, ""PRESERVE_OBSERVED"": true}"
NJstar-STRICT,50,0.5,0.49523809523809526,14,68,105,52,53,52,0,True,True,True,OK,OK,,missing_p50_rep14_seed68.csv,NJstar_STRICT_completed_p50_rep14_seed68.csv,njstar_strict_outputs/logs/NJstar_STRICT_p50_rep14_seed68.log,15,1,13,0,2,27,0.006923364999920523,52.317745531780595,0.022466153245688573,0.11498405611380351,1.1192060775491666,46.74540871538672,0.02022617682793644,0.03289200052937964,0.016001132671455795,0.860926431749224,0.8803893110219414,0.0,0.0,13,13,"{""S_TOP"": 15, ""PRESERVE_OBSERVED"": true}"
NJstar-STRICT,50,0.5,0.49523809523809526,15,69,105,52,53,52,0,True,True,True,OK,OK,,missing_p50_rep15_seed69.csv,NJstar_STRICT_completed_p50_rep15_seed69.csv,njstar_strict_outputs/logs/NJstar_STRICT_p50_rep15_seed69.log,15,1,13,0,2,27,0.007229947000041648,47.73894809510342,0.020589955493836215,0.10492076504418334,1.0212542666118494,46.74540871538672,0.02022617682793644,0.019195340072466285,0.007764179080760899,0.9364320767795705,0.9395543413301459,0.0,0.0,13,13,"{""S_TOP"": 15, ""PRESERVE_OBSERVED"": true}"
NJstar-STRICT,50,0.5,0.49523809523809526,16,70,105,52,53,52,0,False,False,False,FAIL,No eligible pair at r=3: need d_xy known and |S_xy|>=3.,RuntimeError('No eligible pair at r=3: need d_xy known and |S_xy|>=3.'),missing_p50_rep16_seed70.csv,,njstar_strict_outputs/logs/NJstar_STRICT_p50_rep16_seed70.log,15,1,12,1,3,-1,0.006867156999987856,,,,,46.74540871538672,0.02022617682793644,,,,,,,-1,-1,"{""S_TOP"": 15, ""PRESERVE_OBSERVED"": true}"
NJstar-STRICT,50,0.5,0.49523809523809526,17,71,105,52,53,52,0,True,True,True,OK,OK,,missing_p50_rep17_seed71.csv,NJstar_STRICT_completed_p50_rep17_seed71.csv,njstar_strict_outputs/logs/NJstar_STRICT_p50_rep17_seed71.log,15,1,13,0,2,27,0.007057296999846585,244.33685985995862,0.06380074736685362,0.5370040876043046,5.226970232469754,46.74540871538672,0.02022617682793644,0.03267095512461032,0.024269353021953963,0.8447806034743498,0.8143088875608299,0.0,0.0,13,13,"{""S_TOP"": 15, ""PRESERVE_OBSERVED"": true}"
NJstar-STRICT,50,0.5,0.49523809523809526,18,72,105,52,53,52,0,True,True,True,OK,OK,,missing_p50_rep18_seed72.csv,NJstar_STRICT_completed_p50_rep18_seed72.csv,njstar_strict_outputs/logs/NJstar_STRICT_p50_rep18_seed72.log,15,1,13,0,2,27,0.006740919000094436,150.5748048158692,0.05150969723491625,0.33093363695795425,3.2211677885341916,46.74540871538672,0.02022617682793644,0.03405910562593201,0.02321260105639217,0.8206899198898137,0.8243831640058055,0.0,0.0,13,13,"{""S_TOP"": 15, ""PRESERVE_OBSERVED"": true}"
NJstar-STRICT,50,0.5,0.49523809523809526,19,73,105,52,53,52,0,True,True,True,OK,OK,,missing_p50_rep19_seed73.csv,NJstar_STRICT_completed_p50_rep19_seed73.csv,njstar_strict_outputs/logs/NJstar_STRICT_p50_rep19_seed73.log,15,1,13,0,2,27,0.007053275999851394,49.465884144573145,0.021207916736850473,0.10871622888917175,1.0581977033455898,46.74540871538672,0.02022617682793644,0.025783768433925713,0.014526690254704985,0.9010416906477051,0.9275164347306413,0.0,0.0,13,13,"{""S_TOP"": 15, ""PRESERVE_OBSERVED"": true}"
NJstar-STRICT,50,0.5,0.49523809523809526,20,74,105,52,53,52,0,True,True,True,OK,OK,,missing_p50_rep20_seed74.csv,NJstar_STRICT_completed_p50_rep20_seed74.csv,njstar_strict_outputs/logs/NJstar_STRICT_p50_rep20_seed74.log,15,1,13,0,2,27,0.007004422000136401,163.46020308388069,0.041312320697895456,0.35925319359094654,3.496818352346037,46.74540871538672,0.02022617682793644,0.015367171609002054,0.0091876916319301,0.9595550270226498,0.8941347221036454,0.0,0.0,13,13,"{""S_TOP"": 15, ""PRESERVE_OBSERVED"": true}"
NJstar-STRICT,50,0.5,0.49523809523809526,21,75,105,52,53,52,0,True,True,True,OK,OK,,missing_p50_rep21_seed75.csv,NJstar_STRICT_completed_p50_rep21_seed75.csv,njstar_strict_outputs/logs/NJstar_STRICT_p50_rep21_seed75.log,15,1,13,0,2,27,0.00727155100003074,50.62652656977377,0.021739809118157215,0.11126709136214016,1.0830267177257462,46.74540871538672,0.02022617682793644,0.009020554588585672,0.005549034438041397,0.986148392300861,0.9700332963374028,0.0,0.0,13,13,"{""S_TOP"": 15, ""PRESERVE_OBSERVED"": true}"
NJstar-STRICT,50,0.5,0.49523809523809526,22,76,105,52,53,52,0,True,True,True,OK,OK,,missing_p50_rep22_seed76.csv,NJstar_STRICT_completed_p50_rep22_seed76.csv,njstar_strict_outputs/logs/NJstar_STRICT_p50_rep22_seed76.log,15,1,13,0,2,27,0.006986540999832869,235.72609014191642,0.06577736014133753,0.5180793189932229,5.042764554207968,46.74540871538672,0.02022617682793644,0.03084814635347486,0.02537111289092934,0.8441902817107529,0.6735251430035003,0.0,0.0,13,13,"{""S_TOP"": 15, ""PRESERVE_OBSERVED"": true}"
NJstar-STRICT,50,0.5,0.49523809523809526,23,77,105,52,53,52,0,False,False,False,FAIL,No eligible pair at r=3: need d_xy known and |S_xy|>=3.,RuntimeError('No eligible pair at r=3: need d_xy known and |S_xy|>=3.'),missing_p50_rep23_seed77.csv,,njstar_strict_outputs/logs/NJstar_STRICT_p50_rep23_seed77.log,15,1,12,1,3,-1,0.00724543100000119,,,,,46.74540871538672,0.02022617682793644,,,,,,,-1,-1,"{""S_TOP"": 15, ""PRESERVE_OBSERVED"": true}"
NJstar-STRICT,50,0.5,0.49523809523809526,24,78,105,52,53,52,0,True,True,True,OK,OK,,missing_p50_rep24_seed78.csv,NJstar_STRICT_completed_p50_rep24_seed78.csv,njstar_strict_outputs/logs/NJstar_STRICT_p50_rep24_seed78.log,15,1,13,0,2,27,0.0068769059998885496,40.21323747758207,0.017831655088404844,0.08838074170897157,0.8602606883260703,46.74540871538672,0.02022617682793644,0.02065182517057155,0.011196384577937611,0.9336500804781965,0.9065141295995901,0.0,0.0,13,13,"{""S_TOP"": 15, ""PRESERVE_OBSERVED"": true}"
NJstar-STRICT,50,0.5,0.49523809523809526,25,79,105,52,53,52,0,True,True,True,OK,OK,,missing_p50_rep25_seed79.csv,NJstar_STRICT_completed_p50_rep25_seed79.csv,njstar_strict_outputs/logs/NJstar_STRICT_p50_rep25_seed79.log,15,1,13,0,2,27,0.006918417999941084,38.92783824903673,0.016960284603472205,0.0855556884594214,0.832762817115411,46.74540871538672,0.02022617682793644,0.022030644857962703,0.010740533040320728,0.9219432027443687,0.9551780073422692,0.0,0.0,13,13,"{""S_TOP"": 15, ""PRESERVE_OBSERVED"": true}"
NJstar-STRICT,50,0.5,0.49523809523809526,26,80,105,52,53,52,0,True,True,True,OK,OK,,missing_p50_rep26_seed80.csv,NJstar_STRICT_completed_p50_rep26_seed80.csv,njstar_strict_outputs/logs/NJstar_STRICT_p50_rep26_seed80.log,15,1,13,0,2,27,0.007181912999840279,90.65745972713529,0.036562535709990414,0.19924716423546218,1.939387465389611,46.74540871538672,0.02022617682793644,0.0321325923541035,0.02003583401851204,0.8515212037127712,0.8499957312387945,0.0,0.0,13,13,"{""S_TOP"": 15, ""PRESERVE_OBSERVED"": true}"
NJstar-STRICT,50,0.5,0.49523809523809526,27,81,105,52,53,52,0,True,True,True,OK,OK,,missing_p50_rep27_seed81.csv,NJstar_STRICT_completed_p50_rep27_seed81.csv,njstar_strict_outputs/logs/NJstar_STRICT_p50_rep27_seed81.log,15,1,13,0,2,27,0.0075346999999510444,37.2770778886093,0.01632502988692562,0.08192764371122922,0.7974489669257971,46.74540871538672,0.02022617682793644,0.0033034280248590547,0.0027327895065922055,0.9974643873869565,0.9899257235550243,0.0,0.0,13,13,"{""S_TOP"": 15, ""PRESERVE_OBSERVED"": true}"
NJstar-STRICT,50,0.5,0.49523809523809526,28,82,105,52,53,52,0,True,True,True,OK,OK,,missing_p50_rep28_seed82.csv,NJstar_STRICT_completed_p50_rep28_seed82.csv,njstar_strict_outputs/logs/NJstar_STRICT_p50_rep28_seed82.log,15,1,13,0,2,27,0.010827032999941366,40.18599944505714,0.017820963713549125,0.08832087790122449,0.8596779993888365,46.74540871538672,0.02022617682793644,0.024744699884724063,0.01120940487851307,0.9187141002816034,0.9105267651327585,0.0,0.0,13,13,"{""S_TOP"": 15, ""PRESERVE_OBSERVED"": true}"
NJstar-STRICT,50,0.5,0.49523809523809526,29,83,105,52,53,52,0,True,True,True,OK,OK,,missing_p50_rep29_seed83.csv,NJstar_STRICT_completed_p50_rep29_seed83.csv,njstar_strict_outputs/logs/NJstar_STRICT_p50_rep29_seed83.log,15,1,13,0,2,27,0.008219983000117281,6283185171334.611,0.05523037510465038,13809198178.757387,134412883404.0216,46.74540871538672,0.02022617682793644,0.03101606109174132,0.02283017804375346,0.8390870332674375,0.7454110817040894,0.0,0.0,13,13,"{""S_TOP"": 15, ""PRESERVE_OBSERVED"": true}"
NJstar-STRICT,50,0.5,0.49523809523809526,30,84,105,52,53,52,0,False,False,False,FAIL,No eligible pair at r=4: need d_xy known and |S_xy|>=3.,RuntimeError('No eligible pair at r=4: need d_xy known and |S_xy|>=3.'),missing_p50_rep30_seed84.csv,,njstar_strict_outputs/logs/NJstar_STRICT_p50_rep30_seed84.log,15,1,11,1,4,-1,0.0077258359999632376,,,,,46.74540871538672,0.02022617682793644,,,,,,,-1,-1,"{""S_TOP"": 15, ""PRESERVE_OBSERVED"": true}"
NJstar-STRICT,65,0.65,0.6476190476190476,1,55,105,68,37,68,0,False,False,False,FAIL,No eligible pair at r=3: need d_xy known and |S_xy|>=3.,RuntimeError('No eligible pair at r=3: need d_xy known and |S_xy|>=3.'),missing_p65_rep01_seed55.csv,,njstar_strict_outputs/logs/NJstar_STRICT_p65_rep01_seed55.log,15,1,12,1,3,-1,0.0051272919999973965,,,,,46.74540871538672,0.02022617682793644,,,,,,,-1,-1,"{""S_TOP"": 15, ""PRESERVE_OBSERVED"": true}"
NJstar-STRICT,65,0.65,0.6476190476190476,2,56,105,68,37,68,0,False,False,False,FAIL,No eligible pair at r=3: need d_xy known and |S_xy|>=3.,RuntimeError('No eligible pair at r=3: need d_xy known and |S_xy|>=3.'),missing_p65_rep02_seed56.csv,,njstar_strict_outputs/logs/NJstar_STRICT_p65_rep02_seed56.log,15,1,12,1,3,-1,0.00875503900010699,,,,,46.74540871538672,0.02022617682793644,,,,,,,-1,-1,"{""S_TOP"": 15, ""PRESERVE_OBSERVED"": true}"
NJstar-STRICT,65,0.65,0.6476190476190476,3,57,105,68,37,68,0,False,False,False,FAIL,No eligible pair at r=3: need d_xy known and |S_xy|>=3.,RuntimeError('No eligible pair at r=3: need d_xy known and |S_xy|>=3.'),missing_p65_rep03_seed57.csv,,njstar_strict_outputs/logs/NJstar_STRICT_p65_rep03_seed57.log,15,1,12,1,3,-1,0.0060443880001912476,,,,,46.74540871538672,0.02022617682793644,,,,,,,-1,-1,"{""S_TOP"": 15, ""PRESERVE_OBSERVED"": true}"
NJstar-STRICT,65,0.65,0.6476190476190476,4,58,105,68,37,68,0,True,True,True,OK,OK,,missing_p65_rep04_seed58.csv,NJstar_STRICT_completed_p65_rep04_seed58.csv,njstar_strict_outputs/logs/NJstar_STRICT_p65_rep04_seed58.log,15,1,13,0,2,27,0.005860231000042404,232.8970120669381,0.07237050591690977,0.5118615649822815,4.982243571447856,46.74540871538672,0.02022617682793644,0.03919947961681185,0.026668460098475625,0.7885620363205951,0.79031950223308,0.0,0.0,13,13,"{""S_TOP"": 15, ""PRESERVE_OBSERVED"": true}"
NJstar-STRICT,65,0.65,0.6476190476190476,5,59,105,68,37,68,0,True,True,True,OK,OK,,missing_p65_rep05_seed59.csv,NJstar_STRICT_completed_p65_rep05_seed59.csv,njstar_strict_outputs/logs/NJstar_STRICT_p65_rep05_seed59.log,15,1,13,0,2,27,0.005722848000004888,134.5244803017409,0.045610680979530444,0.2956581984653646,2.877811618266177,46.74540871538672,0.02022617682793644,0.05497141526124205,0.041103235123579836,0.5473897216713378,0.3085467801656678,0.0,0.0,13,13,"{""S_TOP"": 15, ""PRESERVE_OBSERVED"": true}"
NJstar-STRICT,65,0.65,0.6476190476190476,6,60,105,68,37,68,0,False,False,False,FAIL,No eligible pair at r=3: need d_xy known and |S_xy|>=3.,RuntimeError('No eligible pair at r=3: need d_xy known and |S_xy|>=3.'),missing_p65_rep06_seed60.csv,,njstar_strict_outputs/logs/NJstar_STRICT_p65_rep06_seed60.log,15,1,12,1,3,-1,0.0055546290000165754,,,,,46.74540871538672,0.02022617682793644,,,,,,,-1,-1,"{""S_TOP"": 15, ""PRESERVE_OBSERVED"": true}"
NJstar-STRICT,65,0.65,0.6476190476190476,7,61,105,68,37,68,0,False,False,False,FAIL,No eligible pair at r=3: need d_xy known and |S_xy|>=3.,RuntimeError('No eligible pair at r=3: need d_xy known and |S_xy|>=3.'),missing_p65_rep07_seed61.csv,,njstar_strict_outputs/logs/NJstar_STRICT_p65_rep07_seed61.log,15,1,12,1,3,-1,0.0055703130001347745,,,,,46.74540871538672,0.02022617682793644,,,,,,,-1,-1,"{""S_TOP"": 15, ""PRESERVE_OBSERVED"": true}"
NJstar-STRICT,65,0.65,0.6476190476190476,8,62,105,68,37,68,0,False,False,False,FAIL,No eligible pair at r=4: need d_xy known and |S_xy|>=3.,RuntimeError('No eligible pair at r=4: need d_xy known and |S_xy|>=3.'),missing_p65_rep08_seed62.csv,,njstar_strict_outputs/logs/NJstar_STRICT_p65_rep08_seed62.log,15,1,11,1,4,-1,0.005355835000045772,,,,,46.74540871538672,0.02022617682793644,,,,,,,-1,-1,"{""S_TOP"": 15, ""PRESERVE_OBSERVED"": true}"
NJstar-STRICT,65,0.65,0.6476190476190476,9,63,105,68,37,68,0,True,True,True,OK,OK,,missing_p65_rep09_seed63.csv,NJstar_STRICT_completed_p65_rep09_seed63.csv,njstar_strict_outputs/logs/NJstar_STRICT_p65_rep09_seed63.log,15,1,13,0,2,27,0.007395124999902691,133.20092467195622,0.05065576002337417,0.2927492849933104,2.849497487185555,46.74540871538672,0.02022617682793644,0.035283043542825666,0.02201652905900839,0.8423026905015314,0.831812802992709,0.0,0.0,13,13,"{""S_TOP"": 15, ""PRESERVE_OBSERVED"": true}"
NJstar-STRICT,65,0.65,0.6476190476190476,10,64,105,68,37,68,0,False,False,False,FAIL,No eligible pair at r=4: need d_xy known and |S_xy|>=3.,RuntimeError('No eligible pair at r=4: need d_xy known and |S_xy|>=3.'),missing_p65_rep10_seed64.csv,,njstar_strict_outputs/logs/NJstar_STRICT_p65_rep10_seed64.log,15,1,11,1,4,-1,0.0056673789999877044,,,,,46.74540871538672,0.02022617682793644,,,,,,,-1,-1,"{""S_TOP"": 15, ""PRESERVE_OBSERVED"": true}"
NJstar-STRICT,65,0.65,0.6476190476190476,11,65,105,68,37,68,0,False,False,False,FAIL,No eligible pair at r=3: need d_xy known and |S_xy|>=3.,RuntimeError('No eligible pair at r=3: need d_xy known and |S_xy|>=3.'),missing_p65_rep11_seed65.csv,,njstar_strict_outputs/logs/NJstar_STRICT_p65_rep11_seed65.log,15,1,12,1,3,-1,0.006247446999850581,,,,,46.74540871538672,0.02022617682793644,,,,,,,-1,-1,"{""S_TOP"": 15, ""PRESERVE_OBSERVED"": true}"
NJstar-STRICT,65,0.65,0.6476190476190476,12,66,105,68,37,68,0,True,True,True,OK,OK,,missing_p65_rep12_seed66.csv,NJstar_STRICT_completed_p65_rep12_seed66.csv,njstar_strict_outputs/logs/NJstar_STRICT_p65_rep12_seed66.log,15,1,13,0,2,27,0.006321977999959927,56.50335241034249,0.023756287123236453,0.12418319211064283,1.2087465691950157,46.74540871538672,0.02022617682793644,0.018376729545695622,0.009550549048542715,0.9502653766876763,0.9670572966370193,0.0,0.0,13,13,"{""S_TOP"": 15, ""PRESERVE_OBSERVED"": true}"
NJstar-STRICT,65,0.65,0.6476190476190476,13,67,105,68,37,68,0,False,False,False,FAIL,No eligible pair at r=3: need d_xy known and |S_xy|>=3.,RuntimeError('No eligible pair at r=3: need d_xy known and |S_xy|>=3.'),missing_p65_rep13_seed67.csv,,njstar_strict_outputs/logs/NJstar_STRICT_p65_rep13_seed67.log,15,1,12,1,3,-1,0.005874570999822026,,,,,46.74540871538672,0.02022617682793644,,,,,,,-1,-1,"{""S_TOP"": 15, ""PRESERVE_OBSERVED"": true}"
NJstar-STRICT,65,0.65,0.6476190476190476,14,68,105,68,37,68,0,False,False,False,FAIL,No eligible pair at r=3: need d_xy known and |S_xy|>=3.,RuntimeError('No eligible pair at r=3: need d_xy known and |S_xy|>=3.'),missing_p65_rep14_seed68.csv,,njstar_strict_outputs/logs/NJstar_STRICT_p65_rep14_seed68.log,15,1,12,1,3,-1,0.005443313000114358,,,,,46.74540871538672,0.02022617682793644,,,,,,,-1,-1,"{""S_TOP"": 15, ""PRESERVE_OBSERVED"": true}"
NJstar-STRICT,65,0.65,0.6476190476190476,15,69,105,68,37,68,0,True,True,True,OK,OK,,missing_p65_rep15_seed69.csv,NJstar_STRICT_completed_p65_rep15_seed69.csv,njstar_strict_outputs/logs/NJstar_STRICT_p65_rep15_seed69.log,15,1,13,0,2,27,0.005120434999980716,143.43465704085042,0.052455929892594406,0.31524100448538556,3.068422353822258,46.74540871538672,0.02022617682793644,0.04541508333579723,0.029549830631712393,0.7572369107280712,0.8192922853761879,0.0,0.0,13,13,"{""S_TOP"": 15, ""PRESERVE_OBSERVED"": true}"
NJstar-STRICT,65,0.65,0.6476190476190476,16,70,105,68,37,68,0,False,False,False,FAIL,No eligible pair at r=3: need d_xy known and |S_xy|>=3.,RuntimeError('No eligible pair at r=3: need d_xy known and |S_xy|>=3.'),missing_p65_rep16_seed70.csv,,njstar_strict_outputs/logs/NJstar_STRICT_p65_rep16_seed70.log,15,1,12,1,3,-1,0.005565103999970233,,,,,46.74540871538672,0.02022617682793644,,,,,,,-1,-1,"{""S_TOP"": 15, ""PRESERVE_OBSERVED"": true}"
NJstar-STRICT,65,0.65,0.6476190476190476,17,71,105,68,37,68,0,False,False,False,FAIL,No eligible pair at r=4: need d_xy known and |S_xy|>=3.,RuntimeError('No eligible pair at r=4: need d_xy known and |S_xy|>=3.'),missing_p65_rep17_seed71.csv,,njstar_strict_outputs/logs/NJstar_STRICT_p65_rep17_seed71.log,15,1,11,1,4,-1,0.005074006000086229,,,,,46.74540871538672,0.02022617682793644,,,,,,,-1,-1,"{""S_TOP"": 15, ""PRESERVE_OBSERVED"": true}"
NJstar-STRICT,65,0.65,0.6476190476190476,18,72,105,68,37,68,0,False,False,False,FAIL,No eligible pair at r=3: need d_xy known and |S_xy|>=3.,RuntimeError('No eligible pair at r=3: need d_xy known and |S_xy|>=3.'),missing_p65_rep18_seed72.csv,,njstar_strict_outputs/logs/NJstar_STRICT_p65_rep18_seed72.log,15,1,12,1,3,-1,0.005620104000172432,,,,,46.74540871538672,0.02022617682793644,,,,,,,-1,-1,"{""S_TOP"": 15, ""PRESERVE_OBSERVED"": true}"
NJstar-STRICT,65,0.65,0.6476190476190476,19,73,105,68,37,68,0,True,True,True,OK,OK,,missing_p65_rep19_seed73.csv,NJstar_STRICT_completed_p65_rep19_seed73.csv,njstar_strict_outputs/logs/NJstar_STRICT_p65_rep19_seed73.log,15,1,13,0,2,27,0.005507607000026837,97.87887991717827,0.03536051022167045,0.2151184174003918,2.0938715182302055,46.74540871538672,0.02022617682793644,0.03874438717791349,0.0208535597249403,0.7185121802071647,0.8811314272626635,0.0,0.0,13,13,"{""S_TOP"": 15, ""PRESERVE_OBSERVED"": true}"
NJstar-STRICT,65,0.65,0.6476190476190476,20,74,105,68,37,68,0,False,False,False,FAIL,No eligible pair at r=4: need d_xy known and |S_xy|>=3.,RuntimeError('No eligible pair at r=4: need d_xy known and |S_xy|>=3.'),missing_p65_rep20_seed74.csv,,njstar_strict_outputs/logs/NJstar_STRICT_p65_rep20_seed74.log,15,1,11,1,4,-1,0.0052644520001194905,,,,,46.74540871538672,0.02022617682793644,,,,,,,-1,-1,"{""S_TOP"": 15, ""PRESERVE_OBSERVED"": true}"
NJstar-STRICT,65,0.65,0.6476190476190476,21,75,105,68,37,68,0,False,False,False,FAIL,No eligible pair at r=3: need d_xy known and |S_xy|>=3.,RuntimeError('No eligible pair at r=3: need d_xy known and |S_xy|>=3.'),missing_p65_rep21_seed75.csv,,njstar_strict_outputs/logs/NJstar_STRICT_p65_rep21_seed75.log,15,1,12,1,3,-1,0.005368436000026122,,,,,46.74540871538672,0.02022617682793644,,,,,,,-1,-1,"{""S_TOP"": 15, ""PRESERVE_OBSERVED"": true}"
NJstar-STRICT,65,0.65,0.6476190476190476,22,76,105,68,37,68,0,True,True,True,OK,OK,,missing_p65_rep22_seed76.csv,NJstar_STRICT_completed_p65_rep22_seed76.csv,njstar_strict_outputs/logs/NJstar_STRICT_p65_rep22_seed76.log,15,1,13,0,2,27,0.00576645399996778,177.3527436651141,0.05720827303825177,0.38978624981343757,3.794014183188362,46.74540871538672,0.02022617682793644,0.06738020383669387,0.04809855977214246,0.19533101900563302,0.1695614001603237,0.0,0.0,13,13,"{""S_TOP"": 15, ""PRESERVE_OBSERVED"": true}"
NJstar-STRICT,65,0.65,0.6476190476190476,23,77,105,68,37,68,0,True,True,True,OK,OK,,missing_p65_rep23_seed77.csv,NJstar_STRICT_completed_p65_rep23_seed77.csv,njstar_strict_outputs/logs/NJstar_STRICT_p65_rep23_seed77.log,15,1,13,0,2,27,0.005681769000148051,168.28075399443358,0.06194139581549156,0.3698478109767771,3.5999418684950393,46.74540871538672,0.02022617682793644,0.04447826970089401,0.03349705001409503,0.7504922647188698,0.7284803603466045,0.0,0.0,13,13,"{""S_TOP"": 15, ""PRESERVE_OBSERVED"": true}"
NJstar-STRICT,65,0.65,0.6476190476190476,24,78,105,68,37,68,0,False,False,False,FAIL,No eligible pair at r=3: need d_xy known and |S_xy|>=3.,RuntimeError('No eligible pair at r=3: need d_xy known and |S_xy|>=3.'),missing_p65_rep24_seed78.csv,,njstar_strict_outputs/logs/NJstar_STRICT_p65_rep24_seed78.log,15,1,12,1,3,-1,0.0057843069998853025,,,,,46.74540871538672,0.02022617682793644,,,,,,,-1,-1,"{""S_TOP"": 15, ""PRESERVE_OBSERVED"": true}"
NJstar-STRICT,65,0.65,0.6476190476190476,25,79,105,68,37,68,0,True,True,True,OK,OK,,missing_p65_rep25_seed79.csv,NJstar_STRICT_completed_p65_rep25_seed79.csv,njstar_strict_outputs/logs/NJstar_STRICT_p65_rep25_seed79.log,15,1,13,0,2,27,0.005642940000143426,112.77225496361996,0.04074498798511148,0.24785110981015376,2.4124776756203614,46.74540871538672,0.02022617682793644,0.06734026597316049,0.04703202793106229,0.37314064787022067,0.3483223269840057,0.0,0.0,13,13,"{""S_TOP"": 15, ""PRESERVE_OBSERVED"": true}"
NJstar-STRICT,65,0.65,0.6476190476190476,26,80,105,68,37,68,0,True,True,True,OK,OK,,missing_p65_rep26_seed80.csv,NJstar_STRICT_completed_p65_rep26_seed80.csv,njstar_strict_outputs/logs/NJstar_STRICT_p65_rep26_seed80.log,15,1,13,0,2,27,0.006020929999976943,563.5620080670499,0.12909103699068908,1.2385978199275822,12.05598632153039,46.74540871538672,0.02022617682793644,0.0885562679314223,0.06446474935723175,0.5515418494890998,0.6362178875443752,0.0,0.0,13,13,"{""S_TOP"": 15, ""PRESERVE_OBSERVED"": true}"
NJstar-STRICT,65,0.65,0.6476190476190476,27,81,105,68,37,68,0,False,False,False,FAIL,No eligible pair at r=3: need d_xy known and |S_xy|>=3.,RuntimeError('No eligible pair at r=3: need d_xy known and |S_xy|>=3.'),missing_p65_rep27_seed81.csv,,njstar_strict_outputs/logs/NJstar_STRICT_p65_rep27_seed81.log,15,1,12,1,3,-1,0.006007539999927758,,,,,46.74540871538672,0.02022617682793644,,,,,,,-1,-1,"{""S_TOP"": 15, ""PRESERVE_OBSERVED"": true}"
NJstar-STRICT,65,0.65,0.6476190476190476,28,82,105,68,37,68,0,False,False,False,FAIL,Known-distance graph is disconnected (2 components).,RuntimeError('Known-distance graph is disconnected (2 components).'),missing_p65_rep28_seed82.csv,,njstar_strict_outputs/logs/NJstar_STRICT_p65_rep28_seed82.log,15,2,0,0,15,-1,7.966300017869798e-05,,,,,46.74540871538672,0.02022617682793644,,,,,,,-1,-1,"{""S_TOP"": 15, ""PRESERVE_OBSERVED"": true}"
NJstar-STRICT,65,0.65,0.6476190476190476,29,83,105,68,37,68,0,True,True,True,OK,OK,,missing_p65_rep29_seed83.csv,NJstar_STRICT_completed_p65_rep29_seed83.csv,njstar_strict_outputs/logs/NJstar_STRICT_p65_rep29_seed83.log,15,1,13,0,2,27,0.006177289000106612,143.24043263585708,0.05338129767976392,0.31481413766122435,3.0642674130413163,46.74540871538672,0.02022617682793644,0.03903993510529269,0.029094324183634113,0.7096820517711471,0.6295377333282436,0.0,0.0,13,13,"{""S_TOP"": 15, ""PRESERVE_OBSERVED"": true}"
NJstar-STRICT,65,0.65,0.6476190476190476,30,84,105,68,37,68,0,False,False,False,FAIL,Known-distance graph is disconnected (2 components).,RuntimeError('Known-distance graph is disconnected (2 components).'),missing_p65_rep30_seed84.csv,,njstar_strict_outputs/logs/NJstar_STRICT_p65_rep30_seed84.log,15,2,0,0,15,-1,0.00010247699992760317,,,,,46.74540871538672,0.02022617682793644,,,,,,,-1,-1,"{""S_TOP"": 15, ""PRESERVE_OBSERVED"": true}"
NJstar-STRICT,85,0.85,0.8476190476190476,1,55,105,89,16,89,0,False,False,False,FAIL,Known-distance graph is disconnected (2 components).,RuntimeError('Known-distance graph is disconnected (2 components).'),missing_p85_rep01_seed55.csv,,njstar_strict_outputs/logs/NJstar_STRICT_p85_rep01_seed55.log,15,2,0,0,15,-1,7.279200008269981e-05,,,,,46.74540871538672,0.02022617682793644,,,,,,,-1,-1,"{""S_TOP"": 15, ""PRESERVE_OBSERVED"": true}"
NJstar-STRICT,85,0.85,0.8476190476190476,2,56,105,89,16,89,0,False,False,False,FAIL,Known-distance graph is disconnected (2 components).,RuntimeError('Known-distance graph is disconnected (2 components).'),missing_p85_rep02_seed56.csv,,njstar_strict_outputs/logs/NJstar_STRICT_p85_rep02_seed56.log,15,2,0,0,15,-1,0.0001455540000279143,,,,,46.74540871538672,0.02022617682793644,,,,,,,-1,-1,"{""S_TOP"": 15, ""PRESERVE_OBSERVED"": true}"
NJstar-STRICT,85,0.85,0.8476190476190476,3,57,105,89,16,89,0,False,False,False,FAIL,Known-distance graph is disconnected (2 components).,RuntimeError('Known-distance graph is disconnected (2 components).'),missing_p85_rep03_seed57.csv,,njstar_strict_outputs/logs/NJstar_STRICT_p85_rep03_seed57.log,15,2,0,0,15,-1,0.00030955400006860145,,,,,46.74540871538672,0.02022617682793644,,,,,,,-1,-1,"{""S_TOP"": 15, ""PRESERVE_OBSERVED"": true}"
NJstar-STRICT,85,0.85,0.8476190476190476,4,58,105,89,16,89,0,False,False,False,FAIL,Known-distance graph is disconnected (2 components).,RuntimeError('Known-distance graph is disconnected (2 components).'),missing_p85_rep04_seed58.csv,,njstar_strict_outputs/logs/NJstar_STRICT_p85_rep04_seed58.log,15,2,0,0,15,-1,7.527700017817551e-05,,,,,46.74540871538672,0.02022617682793644,,,,,,,-1,-1,"{""S_TOP"": 15, ""PRESERVE_OBSERVED"": true}"
NJstar-STRICT,85,0.85,0.8476190476190476,5,59,105,89,16,89,0,False,False,False,FAIL,Known-distance graph is disconnected (2 components).,RuntimeError('Known-distance graph is disconnected (2 components).'),missing_p85_rep05_seed59.csv,,njstar_strict_outputs/logs/NJstar_STRICT_p85_rep05_seed59.log,15,2,0,0,15,-1,6.38950000393379e-05,,,,,46.74540871538672,0.02022617682793644,,,,,,,-1,-1,"{""S_TOP"": 15, ""PRESERVE_OBSERVED"": true}"
NJstar-STRICT,85,0.85,0.8476190476190476,6,60,105,89,16,89,0,False,False,False,FAIL,Known-distance graph is disconnected (3 components).,RuntimeError('Known-distance graph is disconnected (3 components).'),missing_p85_rep06_seed60.csv,,njstar_strict_outputs/logs/NJstar_STRICT_p85_rep06_seed60.log,15,3,0,0,15,-1,6.0778000033678836e-05,,,,,46.74540871538672,0.02022617682793644,,,,,,,-1,-1,"{""S_TOP"": 15, ""PRESERVE_OBSERVED"": true}"
NJstar-STRICT,85,0.85,0.8476190476190476,7,61,105,89,16,89,0,False,False,False,FAIL,Known-distance graph is disconnected (2 components).,RuntimeError('Known-distance graph is disconnected (2 components).'),missing_p85_rep07_seed61.csv,,njstar_strict_outputs/logs/NJstar_STRICT_p85_rep07_seed61.log,15,2,0,0,15,-1,5.832500005453767e-05,,,,,46.74540871538672,0.02022617682793644,,,,,,,-1,-1,"{""S_TOP"": 15, ""PRESERVE_OBSERVED"": true}"
NJstar-STRICT,85,0.85,0.8476190476190476,8,62,105,89,16,89,0,False,False,False,FAIL,No eligible pair at r=14: need d_xy known and |S_xy|>=3.,RuntimeError('No eligible pair at r=14: need d_xy known and |S_xy|>=3.'),missing_p85_rep08_seed62.csv,,njstar_strict_outputs/logs/NJstar_STRICT_p85_rep08_seed62.log,15,1,1,1,14,-1,0.0005701710001631,,,,,46.74540871538672,0.02022617682793644,,,,,,,-1,-1,"{""S_TOP"": 15, ""PRESERVE_OBSERVED"": true}"
NJstar-STRICT,85,0.85,0.8476190476190476,9,63,105,89,16,89,0,False,False,False,FAIL,Known-distance graph is disconnected (3 components).,RuntimeError('Known-distance graph is disconnected (3 components).'),missing_p85_rep09_seed63.csv,,njstar_strict_outputs/logs/NJstar_STRICT_p85_rep09_seed63.log,15,3,0,0,15,-1,0.00017689999981485016,,,,,46.74540871538672,0.02022617682793644,,,,,,,-1,-1,"{""S_TOP"": 15, ""PRESERVE_OBSERVED"": true}"
NJstar-STRICT,85,0.85,0.8476190476190476,10,64,105,89,16,89,0,False,False,False,FAIL,Known-distance graph is disconnected (2 components).,RuntimeError('Known-distance graph is disconnected (2 components).'),missing_p85_rep10_seed64.csv,,njstar_strict_outputs/logs/NJstar_STRICT_p85_rep10_seed64.log,15,2,0,0,15,-1,0.000370232000022952,,,,,46.74540871538672,0.02022617682793644,,,,,,,-1,-1,"{""S_TOP"": 15, ""PRESERVE_OBSERVED"": true}"
NJstar-STRICT,85,0.85,0.8476190476190476,11,65,105,89,16,89,0,False,False,False,FAIL,No eligible pair at r=15: need d_xy known and |S_xy|>=3.,RuntimeError('No eligible pair at r=15: need d_xy known and |S_xy|>=3.'),missing_p85_rep11_seed65.csv,,njstar_strict_outputs/logs/NJstar_STRICT_p85_rep11_seed65.log,15,1,0,1,15,-1,0.0002074540000194247,,,,,46.74540871538672,0.02022617682793644,,,,,,,-1,-1,"{""S_TOP"": 15, ""PRESERVE_OBSERVED"": true}"
NJstar-STRICT,85,0.85,0.8476190476190476,12,66,105,89,16,89,0,False,False,False,FAIL,Known-distance graph is disconnected (2 components).,RuntimeError('Known-distance graph is disconnected (2 components).'),missing_p85_rep12_seed66.csv,,njstar_strict_outputs/logs/NJstar_STRICT_p85_rep12_seed66.log,15,2,0,0,15,-1,7.824900012565195e-05,,,,,46.74540871538672,0.02022617682793644,,,,,,,-1,-1,"{""S_TOP"": 15, ""PRESERVE_OBSERVED"": true}"
NJstar-STRICT,85,0.85,0.8476190476190476,13,67,105,89,16,89,0,False,False,False,FAIL,Known-distance graph is disconnected (4 components).,RuntimeError('Known-distance graph is disconnected (4 components).'),missing_p85_rep13_seed67.csv,,njstar_strict_outputs/logs/NJstar_STRICT_p85_rep13_seed67.log,15,4,0,0,15,-1,6.585899996025546e-05,,,,,46.74540871538672,0.02022617682793644,,,,,,,-1,-1,"{""S_TOP"": 15, ""PRESERVE_OBSERVED"": true}"
NJstar-STRICT,85,0.85,0.8476190476190476,14,68,105,89,16,89,0,False,False,False,FAIL,No eligible pair at r=14: need d_xy known and |S_xy|>=3.,RuntimeError('No eligible pair at r=14: need d_xy known and |S_xy|>=3.'),missing_p85_rep14_seed68.csv,,njstar_strict_outputs/logs/NJstar_STRICT_p85_rep14_seed68.log,15,1,1,1,14,-1,0.00035303399999975227,,,,,46.74540871538672,0.02022617682793644,,,,,,,-1,-1,"{""S_TOP"": 15, ""PRESERVE_OBSERVED"": true}"
NJstar-STRICT,85,0.85,0.8476190476190476,15,69,105,89,16,89,0,False,False,False,FAIL,No eligible pair at r=15: need d_xy known and |S_xy|>=3.,RuntimeError('No eligible pair at r=15: need d_xy known and |S_xy|>=3.'),missing_p85_rep15_seed69.csv,,njstar_strict_outputs/logs/NJstar_STRICT_p85_rep15_seed69.log,15,1,0,1,15,-1,0.00011229300002923992,,,,,46.74540871538672,0.02022617682793644,,,,,,,-1,-1,"{""S_TOP"": 15, ""PRESERVE_OBSERVED"": true}"
NJstar-STRICT,85,0.85,0.8476190476190476,16,70,105,89,16,89,0,False,False,False,FAIL,Known-distance graph is disconnected (2 components).,RuntimeError('Known-distance graph is disconnected (2 components).'),missing_p85_rep16_seed70.csv,,njstar_strict_outputs/logs/NJstar_STRICT_p85_rep16_seed70.log,15,2,0,0,15,-1,6.305200008682732e-05,,,,,46.74540871538672,0.02022617682793644,,,,,,,-1,-1,"{""S_TOP"": 15, ""PRESERVE_OBSERVED"": true}"
NJstar-STRICT,85,0.85,0.8476190476190476,17,71,105,89,16,89,0,False,False,False,FAIL,Known-distance graph is disconnected (3 components).,RuntimeError('Known-distance graph is disconnected (3 components).'),missing_p85_rep17_seed71.csv,,njstar_strict_outputs/logs/NJstar_STRICT_p85_rep17_seed71.log,15,3,0,0,15,-1,5.956899985903874e-05,,,,,46.74540871538672,0.02022617682793644,,,,,,,-1,-1,"{""S_TOP"": 15, ""PRESERVE_OBSERVED"": true}"
NJstar-STRICT,85,0.85,0.8476190476190476,18,72,105,89,16,89,0,False,False,False,FAIL,Known-distance graph is disconnected (3 components).,RuntimeError('Known-distance graph is disconnected (3 components).'),missing_p85_rep18_seed72.csv,,njstar_strict_outputs/logs/NJstar_STRICT_p85_rep18_seed72.log,15,3,0,0,15,-1,5.696699986401654e-05,,,,,46.74540871538672,0.02022617682793644,,,,,,,-1,-1,"{""S_TOP"": 15, ""PRESERVE_OBSERVED"": true}"
NJstar-STRICT,85,0.85,0.8476190476190476,19,73,105,89,16,89,0,False,False,False,FAIL,Known-distance graph is disconnected (2 components).,RuntimeError('Known-distance graph is disconnected (2 components).'),missing_p85_rep19_seed73.csv,,njstar_strict_outputs/logs/NJstar_STRICT_p85_rep19_seed73.log,15,2,0,0,15,-1,5.8398999954079045e-05,,,,,46.74540871538672,0.02022617682793644,,,,,,,-1,-1,"{""S_TOP"": 15, ""PRESERVE_OBSERVED"": true}"
NJstar-STRICT,85,0.85,0.8476190476190476,20,74,105,89,16,89,0,False,False,False,FAIL,Known-distance graph is disconnected (4 components).,RuntimeError('Known-distance graph is disconnected (4 components).'),missing_p85_rep20_seed74.csv,,njstar_strict_outputs/logs/NJstar_STRICT_p85_rep20_seed74.log,15,4,0,0,15,-1,9.572899989507277e-05,,,,,46.74540871538672,0.02022617682793644,,,,,,,-1,-1,"{""S_TOP"": 15, ""PRESERVE_OBSERVED"": true}"
NJstar-STRICT,85,0.85,0.8476190476190476,21,75,105,89,16,89,0,False,False,False,FAIL,Known-distance graph is disconnected (4 components).,RuntimeError('Known-distance graph is disconnected (4 components).'),missing_p85_rep21_seed75.csv,,njstar_strict_outputs/logs/NJstar_STRICT_p85_rep21_seed75.log,15,4,0,0,15,-1,8.911700001590361e-05,,,,,46.74540871538672,0.02022617682793644,,,,,,,-1,-1,"{""S_TOP"": 15, ""PRESERVE_OBSERVED"": true}"
NJstar-STRICT,85,0.85,0.8476190476190476,22,76,105,89,16,89,0,False,False,False,FAIL,Known-distance graph is disconnected (2 components).,RuntimeError('Known-distance graph is disconnected (2 components).'),missing_p85_rep22_seed76.csv,,njstar_strict_outputs/logs/NJstar_STRICT_p85_rep22_seed76.log,15,2,0,0,15,-1,6.229099994925491e-05,,,,,46.74540871538672,0.02022617682793644,,,,,,,-1,-1,"{""S_TOP"": 15, ""PRESERVE_OBSERVED"": true}"
NJstar-STRICT,85,0.85,0.8476190476190476,23,77,105,89,16,89,0,False,False,False,FAIL,Known-distance graph is disconnected (2 components).,RuntimeError('Known-distance graph is disconnected (2 components).'),missing_p85_rep23_seed77.csv,,njstar_strict_outputs/logs/NJstar_STRICT_p85_rep23_seed77.log,15,2,0,0,15,-1,5.7213999980376684e-05,,,,,46.74540871538672,0.02022617682793644,,,,,,,-1,-1,"{""S_TOP"": 15, ""PRESERVE_OBSERVED"": true}"
NJstar-STRICT,85,0.85,0.8476190476190476,24,78,105,89,16,89,0,False,False,False,FAIL,No eligible pair at r=15: need d_xy known and |S_xy|>=3.,RuntimeError('No eligible pair at r=15: need d_xy known and |S_xy|>=3.'),missing_p85_rep24_seed78.csv,,njstar_strict_outputs/logs/NJstar_STRICT_p85_rep24_seed78.log,15,1,0,1,15,-1,0.00012215600008858019,,,,,46.74540871538672,0.02022617682793644,,,,,,,-1,-1,"{""S_TOP"": 15, ""PRESERVE_OBSERVED"": true}"
NJstar-STRICT,85,0.85,0.8476190476190476,25,79,105,89,16,89,0,False,False,False,FAIL,No eligible pair at r=15: need d_xy known and |S_xy|>=3.,RuntimeError('No eligible pair at r=15: need d_xy known and |S_xy|>=3.'),missing_p85_rep25_seed79.csv,,njstar_strict_outputs/logs/NJstar_STRICT_p85_rep25_seed79.log,15,1,0,1,15,-1,0.00010814699999173172,,,,,46.74540871538672,0.02022617682793644,,,,,,,-1,-1,"{""S_TOP"": 15, ""PRESERVE_OBSERVED"": true}"
NJstar-STRICT,85,0.85,0.8476190476190476,26,80,105,89,16,89,0,False,False,False,FAIL,Known-distance graph is disconnected (3 components).,RuntimeError('Known-distance graph is disconnected (3 components).'),missing_p85_rep26_seed80.csv,,njstar_strict_outputs/logs/NJstar_STRICT_p85_rep26_seed80.log,15,3,0,0,15,-1,8.705400000508234e-05,,,,,46.74540871538672,0.02022617682793644,,,,,,,-1,-1,"{""S_TOP"": 15, ""PRESERVE_OBSERVED"": true}"
NJstar-STRICT,85,0.85,0.8476190476190476,27,81,105,89,16,89,0,False,False,False,FAIL,Known-distance graph is disconnected (2 components).,RuntimeError('Known-distance graph is disconnected (2 components).'),missing_p85_rep27_seed81.csv,,njstar_strict_outputs/logs/NJstar_STRICT_p85_rep27_seed81.log,15,2,0,0,15,-1,6.225800007086946e-05,,,,,46.74540871538672,0.02022617682793644,,,,,,,-1,-1,"{""S_TOP"": 15, ""PRESERVE_OBSERVED"": true}"
NJstar-STRICT,85,0.85,0.8476190476190476,28,82,105,89,16,89,0,False,False,False,FAIL,Known-distance graph is disconnected (4 components).,RuntimeError('Known-distance graph is disconnected (4 components).'),missing_p85_rep28_seed82.csv,,njstar_strict_outputs/logs/NJstar_STRICT_p85_rep28_seed82.log,15,4,0,0,15,-1,5.843799999638577e-05,,,,,46.74540871538672,0.02022617682793644,,,,,,,-1,-1,"{""S_TOP"": 15, ""PRESERVE_OBSERVED"": true}"
NJstar-STRICT,85,0.85,0.8476190476190476,29,83,105,89,16,89,0,False,False,False,FAIL,Known-distance graph is disconnected (3 components).,RuntimeError('Known-distance graph is disconnected (3 components).'),missing_p85_rep29_seed83.csv,,njstar_strict_outputs/logs/NJstar_STRICT_p85_rep29_seed83.log,15,3,0,0,15,-1,5.624699997497373e-05,,,,,46.74540871538672,0.02022617682793644,,,,,,,-1,-1,"{""S_TOP"": 15, ""PRESERVE_OBSERVED"": true}"
NJstar-STRICT,85,0.85,0.8476190476190476,30,84,105,89,16,89,0,False,False,False,FAIL,Known-distance graph is disconnected (2 components).,RuntimeError('Known-distance graph is disconnected (2 components).'),missing_p85_rep30_seed84.csv,,njstar_strict_outputs/logs/NJstar_STRICT_p85_rep30_seed84.log,15,2,0,0,15,-1,5.455600012282957e-05,,,,,46.74540871538672,0.02022617682793644,,,,,,,-1,-1,"{""S_TOP"": 15, ""PRESERVE_OBSERVED"": true}"
