method,pct_missing,replicate,mask_seed,file,path,missingness_actual,n_pairs_total,n_missing,n_observed,optimized_variables,runtime_seconds,RMSE_miss,MAE_miss,Pearson_miss,Spearman_miss,Delta_init,Delta_final,Delta_reduction_percent,Delta_total_completed,Delta_normalized_completed,Delta_per_triangle_completed,Delta_relative_to_original,max_abs_error_observed,mean_abs_error_observed,MW_Qw_final,weighted_fit_pairs,final_tree_edges,n_start_pairs,n_weighted_lsq_fits,n_graft_evaluations,stepA_method,stepA_loops,stepA_estimated_pairs,stepA_unfilled_pairs,masked_file,__metadata_scope,__metadata_source
MW-proj,30,1,55,MWproj_completed_p30_rep01_seed55.csv,mw_proj_outputs/completed_matrices/MWproj_completed_p30_rep01_seed55.csv,0.3047619047619048,105,32,73,27,14.302520691999234,0.0191705845501367,0.0062315570445926,0.8943907011282652,0.844941348973607,235.94201448624835,42.40040375176456,82.02931180184704,42.40040375176456,0.0180555907155419,0.0931877005533287,0.7244965294595593,0.0,0.0,0.0001324790862565,105,27,105,20580,17745,ultrametric,2,32,0,missing_p30_rep01_seed55.csv,method_specific,mw_proj_outputs/tables/mw_proj_all_masks_detailed.csv
MW-proj,30,2,56,MWproj_completed_p30_rep02_seed56.csv,mw_proj_outputs/completed_matrices/MWproj_completed_p30_rep02_seed56.csv,0.3047619047619048,105,32,73,27,15.30055290600285,0.0233764171861566,0.0089070651709754,0.713968830786802,0.6763196480938416,371.7282660802371,51.39061793093609,86.17521920707438,51.39061793093609,0.0199704296313256,0.1129464130350243,0.8781124952423576,0.0,0.0,0.0001186565717636,105,27,105,20580,17745,ultrametric,2,32,0,missing_p30_rep02_seed56.csv,method_specific,mw_proj_outputs/tables/mw_proj_all_masks_detailed.csv
MW-proj,30,3,57,MWproj_completed_p30_rep03_seed57.csv,mw_proj_outputs/completed_matrices/MWproj_completed_p30_rep03_seed57.csv,0.3047619047619048,105,32,73,27,14.581148211000254,0.003687937519055,0.0017971344429137,0.9968044309487482,0.9582111436950146,292.8120965127204,37.84842633249785,87.07415889464333,37.84842633249785,0.0164454454909267,0.0831833545769183,0.6467168021309071,0.0,0.0,0.0001404670767852,105,27,105,20580,17745,ultrametric,2,32,0,missing_p30_rep03_seed57.csv,method_specific,mw_proj_outputs/tables/mw_proj_all_masks_detailed.csv
MW-proj,30,4,58,MWproj_completed_p30_rep04_seed58.csv,mw_proj_outputs/completed_matrices/MWproj_completed_p30_rep04_seed58.csv,0.3047619047619048,105,32,73,27,16.792250762009644,0.0036385573156039,0.0016840784581077,0.9962076537588432,0.9794721407624633,273.6673429290945,39.63962043969364,85.51539982249032,39.63962043969364,0.0171172982742888,0.0871200449224035,0.6773229709270652,0.0,0.0,0.0001348007197031,105,27,105,20580,17745,ultrametric,2,32,0,missing_p30_rep04_seed58.csv,method_specific,mw_proj_outputs/tables/mw_proj_all_masks_detailed.csv
MW-proj,30,5,59,MWproj_completed_p30_rep05_seed59.csv,mw_proj_outputs/completed_matrices/MWproj_completed_p30_rep05_seed59.csv,0.3047619047619048,105,32,73,27,15.857157418999122,0.0021002294238822,0.0016045714101548,0.9986269254885296,0.9252199413489736,368.00930841971433,52.392234033672295,85.76333999304197,52.392234033672295,0.0198769693850078,0.115147767106972,0.8952271292097992,0.0,0.0,0.0001223696814729,105,27,105,20580,17745,ultrametric,2,32,0,missing_p30_rep05_seed59.csv,method_specific,mw_proj_outputs/tables/mw_proj_all_masks_detailed.csv
MW-proj,30,6,60,MWproj_completed_p30_rep06_seed60.csv,mw_proj_outputs/completed_matrices/MWproj_completed_p30_rep06_seed60.csv,0.3047619047619048,105,32,73,27,12.880800872007969,0.0015845747832405,0.0011245668469293,0.9987387151718192,0.9167888563049852,481.8021774201917,52.25725830808239,89.15379366114664,52.25725830808239,0.0201517712920665,0.1148511171606206,0.8929207963426953,0.0,0.0,0.0001185865301608,105,27,105,20580,17745,ultrametric,2,32,0,missing_p30_rep06_seed60.csv,method_specific,mw_proj_outputs/tables/mw_proj_all_masks_detailed.csv
MW-proj,30,7,61,MWproj_completed_p30_rep07_seed61.csv,mw_proj_outputs/completed_matrices/MWproj_completed_p30_rep07_seed61.csv,0.3047619047619048,105,32,73,27,17.25263317799545,0.010439107320548,0.0032792646731388,0.9666512400831472,0.9552785923753664,175.13062221926822,52.20046097544389,70.19341317129135,52.20046097544389,0.019736449817458,0.1147262878581184,0.8919502992073363,0.0,0.0,0.000115402796637,105,27,105,20580,17745,ultrametric,2,32,0,missing_p30_rep07_seed61.csv,method_specific,mw_proj_outputs/tables/mw_proj_all_masks_detailed.csv
MW-proj,30,8,62,MWproj_completed_p30_rep08_seed62.csv,mw_proj_outputs/completed_matrices/MWproj_completed_p30_rep08_seed62.csv,0.3047619047619048,105,32,73,27,16.02023956499761,0.0103608640893549,0.003123304054852,0.9641563248405444,0.9743401759530792,319.5083426135769,50.860037126368766,84.08178117969194,50.860037126368766,0.0200191299733758,0.1117803013766346,0.8690464506415231,0.0,0.0,0.0001044438200134,105,27,105,20580,17745,ultrametric,2,32,0,missing_p30_rep08_seed62.csv,method_specific,mw_proj_outputs/tables/mw_proj_all_masks_detailed.csv
MW-proj,30,9,63,MWproj_completed_p30_rep09_seed63.csv,mw_proj_outputs/completed_matrices/MWproj_completed_p30_rep09_seed63.csv,0.3047619047619048,105,32,73,27,17.002583426001365,0.0103692092057573,0.0031370877203354,0.9700298471876724,0.9780058651026392,216.8306161916749,55.20234379468258,74.54125954893539,55.20234379468258,0.0210542555817774,0.1213238325157858,0.943243529741543,0.0,0.0,0.0001126833255238,105,27,105,20580,17745,ultrametric,2,32,0,missing_p30_rep09_seed63.csv,method_specific,mw_proj_outputs/tables/mw_proj_all_masks_detailed.csv
MW-proj,30,10,64,MWproj_completed_p30_rep10_seed64.csv,mw_proj_outputs/completed_matrices/MWproj_completed_p30_rep10_seed64.csv,0.3047619047619048,105,32,73,27,16.024569824003265,0.0234385375367062,0.0086909979944369,0.8371675868946931,0.8229472140762463,272.1248620774025,37.02802593135242,86.39300148884585,37.02802593135242,0.0159822023836483,0.0813802767722031,0.6326986044062601,0.0,0.0,0.0001414215489075,105,27,105,20580,17745,ultrametric,2,32,0,missing_p30_rep10_seed64.csv,method_specific,mw_proj_outputs/tables/mw_proj_all_masks_detailed.csv
MW-proj,30,11,65,MWproj_completed_p30_rep11_seed65.csv,mw_proj_outputs/completed_matrices/MWproj_completed_p30_rep11_seed65.csv,0.3047619047619048,105,32,73,27,15.870633079000982,0.0015489100044391,0.0011814636534847,0.9992719846969352,0.9758064516129032,255.7731836175187,49.83404527504712,80.5163134890761,49.83404527504712,0.0192778982839105,0.1095253742308727,0.8515153077805218,0.0,0.0,0.0001140744843644,105,27,105,20580,17745,ultrametric,2,32,0,missing_p30_rep11_seed65.csv,method_specific,mw_proj_outputs/tables/mw_proj_all_masks_detailed.csv
MW-proj,30,12,66,MWproj_completed_p30_rep12_seed66.csv,mw_proj_outputs/completed_matrices/MWproj_completed_p30_rep12_seed66.csv,0.3047619047619048,105,32,73,27,17.007627127997694,0.0220662743509473,0.0079376337382201,0.853711846890709,0.8933284457478006,202.14186381493064,44.92247383241987,77.77675886398856,44.92247383241987,0.017954855360832,0.0987307117196041,0.7675911903308611,0.0,0.0,0.0001174645488349,105,27,105,20580,17745,ultrametric,2,32,0,missing_p30_rep12_seed66.csv,method_specific,mw_proj_outputs/tables/mw_proj_all_masks_detailed.csv
MW-proj,30,13,67,MWproj_completed_p30_rep13_seed67.csv,mw_proj_outputs/completed_matrices/MWproj_completed_p30_rep13_seed67.csv,0.3047619047619048,105,32,73,27,15.696179360005772,0.023512873545044,0.0090804278807697,0.8139114189199788,0.784824046920821,209.86143890065867,39.06577342955404,81.38496827516443,39.06577342955404,0.0167525895804412,0.0858588427023165,0.6675176358241045,0.0,0.0,0.0001127398657336,105,27,105,20580,17745,ultrametric,2,32,0,missing_p30_rep13_seed67.csv,method_specific,mw_proj_outputs/tables/mw_proj_all_masks_detailed.csv
MW-proj,30,14,68,MWproj_completed_p30_rep14_seed68.csv,mw_proj_outputs/completed_matrices/MWproj_completed_p30_rep14_seed68.csv,0.3047619047619048,105,32,73,27,13.495391307995304,0.0190309218654556,0.0058034904317397,0.8901111374888577,0.8548387096774193,370.565430875058,53.65549784197255,85.52064133039346,53.65549784197255,0.0204649570906198,0.1179241710812583,0.9168125426474556,0.0,0.0,0.0001357235198173,105,27,105,20580,17745,ultrametric,2,32,0,missing_p30_rep14_seed68.csv,method_specific,mw_proj_outputs/tables/mw_proj_all_masks_detailed.csv
MW-proj,30,15,69,MWproj_completed_p30_rep15_seed69.csv,mw_proj_outputs/completed_matrices/MWproj_completed_p30_rep15_seed69.csv,0.3047619047619048,105,32,73,27,20.006691667003903,0.012212467711963,0.0041505943341915,0.944959443790648,0.971407624633431,325.3432572502168,37.82458871825794,88.37394417270262,37.82458871825794,0.0162852952693137,0.0831309642159515,0.6463094883494507,0.0,0.0,0.0001358637762286,105,27,105,20580,17745,ultrametric,2,32,0,missing_p30_rep15_seed69.csv,method_specific,mw_proj_outputs/tables/mw_proj_all_masks_detailed.csv
MW-proj,30,16,70,MWproj_completed_p30_rep16_seed70.csv,mw_proj_outputs/completed_matrices/MWproj_completed_p30_rep16_seed70.csv,0.3047619047619048,105,32,73,27,15.853613945000689,0.0112070374874872,0.0038981933148813,0.9677015571710248,0.9743401759530792,248.67679093357896,37.00183253452934,85.12051229404337,37.00183253452934,0.0160103347653398,0.0813227088670974,0.6322510373216593,0.0,0.0,0.0001364444134314,105,27,105,20580,17745,ultrametric,2,32,0,missing_p30_rep16_seed70.csv,method_specific,mw_proj_outputs/tables/mw_proj_all_masks_detailed.csv
MW-proj,30,17,71,MWproj_completed_p30_rep17_seed71.csv,mw_proj_outputs/completed_matrices/MWproj_completed_p30_rep17_seed71.csv,0.3047619047619048,105,32,73,27,15.09281119100342,0.0254806984477153,0.0148262160825305,0.8614433768597508,0.8218475073313783,152.52656954040083,74.61580569811628,51.08012595906955,74.61580569811628,0.0263972544326406,0.1639907817541017,1.2749617335628392,0.0,0.0,0.0036656973892874,105,27,105,20580,17745,ultrametric,2,32,0,missing_p30_rep17_seed71.csv,method_specific,mw_proj_outputs/tables/mw_proj_all_masks_detailed.csv
MW-proj,30,18,72,MWproj_completed_p30_rep18_seed72.csv,mw_proj_outputs/completed_matrices/MWproj_completed_p30_rep18_seed72.csv,0.3047619047619048,105,32,73,27,15.957622461006396,0.0015686037195385,0.0012753880893014,0.9991811978924712,0.9688416422287388,575.1080071045452,47.412178303839625,91.75595232232251,47.412178303839625,0.0187357468334261,0.1042025896787684,0.8101328194031666,0.0,0.0,0.0001286574259934,105,27,105,20580,17745,ultrametric,2,32,0,missing_p30_rep18_seed72.csv,method_specific,mw_proj_outputs/tables/mw_proj_all_masks_detailed.csv
MW-proj,30,19,73,MWproj_completed_p30_rep19_seed73.csv,mw_proj_outputs/completed_matrices/MWproj_completed_p30_rep19_seed73.csv,0.3047619047619048,105,32,73,27,15.01907041600498,0.0192877918849971,0.0058677305831192,0.8008474830195783,0.7899560117302052,953.4060032042948,55.42824549978831,94.18629153650176,55.42824549978831,0.0209109773840219,0.1218203197797545,0.9471035166017222,0.0,0.0,0.0001155675191572,105,27,105,20580,17745,ultrametric,2,32,0,missing_p30_rep19_seed73.csv,method_specific,mw_proj_outputs/tables/mw_proj_all_masks_detailed.csv
MW-proj,30,20,74,MWproj_completed_p30_rep20_seed74.csv,mw_proj_outputs/completed_matrices/MWproj_completed_p30_rep20_seed74.csv,0.3047619047619048,105,32,73,27,14.512363900008497,0.0116622225533789,0.0032538274952885,0.9417960518145636,0.9343841642228736,348.5832399755494,53.71989053019109,84.58907819723083,53.71989053019109,0.021125114895438,0.1180656934729474,0.9179128217723912,0.0,0.0,0.0001442043111617,105,27,105,20580,17745,ultrametric,2,32,0,missing_p30_rep20_seed74.csv,method_specific,mw_proj_outputs/tables/mw_proj_all_masks_detailed.csv
MW-proj,30,21,75,MWproj_completed_p30_rep21_seed75.csv,mw_proj_outputs/completed_matrices/MWproj_completed_p30_rep21_seed75.csv,0.3047619047619048,105,32,73,27,15.277067937000538,0.0020834059279214,0.0014840689906213,0.9987632801180508,0.9835043988269794,294.5093107721874,58.73568584281044,80.05642480748446,58.73568584281044,0.0219319292008755,0.1290894194347482,1.0036178145301786,0.0,0.0,0.0001234855041603,105,27,105,20580,17745,ultrametric,2,32,0,missing_p30_rep21_seed75.csv,method_specific,mw_proj_outputs/tables/mw_proj_all_masks_detailed.csv
MW-proj,30,22,76,MWproj_completed_p30_rep22_seed76.csv,mw_proj_outputs/completed_matrices/MWproj_completed_p30_rep22_seed76.csv,0.3047619047619048,105,32,73,27,18.247443083004327,0.0019407922113623,0.0014649733586488,0.998773101609872,0.9692082111436948,256.8207989741299,54.82104161145621,78.65397123969758,54.82104161145621,0.0207935422187793,0.1204858057394642,0.9367282118676806,0.0,0.0,0.0001184185340764,105,27,105,20580,17745,ultrametric,2,32,0,missing_p30_rep22_seed76.csv,method_specific,mw_proj_outputs/tables/mw_proj_all_masks_detailed.csv
MW-proj,30,23,77,MWproj_completed_p30_rep23_seed77.csv,mw_proj_outputs/completed_matrices/MWproj_completed_p30_rep23_seed77.csv,0.3047619047619048,105,32,73,27,15.785884179000275,0.0103197519915856,0.0028357612480238,0.9700027609880262,0.9824046920821112,166.45800859273305,54.39920041359979,67.31956553277264,54.39920041359979,0.0212260395031981,0.1195586822276918,0.9295202030567428,0.0,0.0,0.0001176158568242,105,27,105,20580,17745,ultrametric,2,32,0,missing_p30_rep23_seed77.csv,method_specific,mw_proj_outputs/tables/mw_proj_all_masks_detailed.csv
MW-proj,30,24,78,MWproj_completed_p30_rep24_seed78.csv,mw_proj_outputs/completed_matrices/MWproj_completed_p30_rep24_seed78.csv,0.3047619047619048,105,32,73,27,16.37618166799075,0.0253411247915346,0.0099519236394615,0.809820811928854,0.847140762463343,210.0648591992606,47.76726204407985,77.26070784701339,47.76726204407985,0.0184924661627448,0.1049829935034721,0.8162001422281493,0.0,0.0,0.0001168420203206,105,27,105,20580,17745,ultrametric,2,32,0,missing_p30_rep24_seed78.csv,method_specific,mw_proj_outputs/tables/mw_proj_all_masks_detailed.csv
MW-proj,30,25,79,MWproj_completed_p30_rep25_seed79.csv,mw_proj_outputs/completed_matrices/MWproj_completed_p30_rep25_seed79.csv,0.3047619047619048,105,32,73,27,13.217927778998272,0.0124654724648834,0.0044762291594502,0.9588778123393028,0.9798387096774192,121.39583046021724,31.595216795948215,73.97339210402097,31.595216795948215,0.0139690137925711,0.0694400369141719,0.539868088289943,0.0,0.0,0.000139034057051,105,27,105,20580,17745,ultrametric,2,32,0,missing_p30_rep25_seed79.csv,method_specific,mw_proj_outputs/tables/mw_proj_all_masks_detailed.csv
MW-proj,30,26,80,MWproj_completed_p30_rep26_seed80.csv,mw_proj_outputs/completed_matrices/MWproj_completed_p30_rep26_seed80.csv,0.3047619047619048,105,32,73,27,14.39511834300356,0.0133954520203659,0.0056282635999698,0.9674095094758186,0.9193548387096774,202.8999485947712,45.55837282570191,77.54638523014592,45.55837282570191,0.0189388929605354,0.1001282919246195,0.7784568088852715,0.0,0.0,0.0024763407143673,105,27,105,20580,17745,ultrametric,2,32,0,missing_p30_rep26_seed80.csv,method_specific,mw_proj_outputs/tables/mw_proj_all_masks_detailed.csv
MW-proj,30,27,81,MWproj_completed_p30_rep27_seed81.csv,mw_proj_outputs/completed_matrices/MWproj_completed_p30_rep27_seed81.csv,0.3047619047619048,105,32,73,27,15.515787172000271,0.0013842980626685,0.0011317773987978,0.9991239637189182,0.9582111436950146,284.1918381543192,51.1596733132485,81.99819050205507,51.1596733132485,0.019856008236372,0.1124388424467,0.8741663400361099,0.0,0.0,0.0001610158348469,105,27,105,20580,17745,ultrametric,2,32,0,missing_p30_rep27_seed81.csv,method_specific,mw_proj_outputs/tables/mw_proj_all_masks_detailed.csv
MW-proj,30,28,82,MWproj_completed_p30_rep28_seed82.csv,mw_proj_outputs/completed_matrices/MWproj_completed_p30_rep28_seed82.csv,0.3047619047619048,105,32,73,27,17.26222599000903,0.019341042643895,0.0059272813769433,0.8536161839869217,0.8368768328445746,321.4781579325246,58.22798279653976,81.88742178597361,58.22798279653976,0.0218206969417534,0.1279735885638236,0.9949426826334962,0.0,0.0,0.0001343760432325,105,27,105,20580,17745,ultrametric,2,32,0,missing_p30_rep28_seed82.csv,method_specific,mw_proj_outputs/tables/mw_proj_all_masks_detailed.csv
MW-proj,30,29,83,MWproj_completed_p30_rep29_seed83.csv,mw_proj_outputs/completed_matrices/MWproj_completed_p30_rep29_seed83.csv,0.3047619047619048,105,32,73,27,12.926099056989187,0.0115599386289625,0.0034893949124459,0.946341925211822,0.9516129032258064,327.3766301659299,58.207590472549,82.21999217138784,58.207590472549,0.0222884862375522,0.1279287702693384,0.9945942385940144,0.0,0.0,0.0001337644812175,105,27,105,20580,17745,ultrametric,2,32,0,missing_p30_rep29_seed83.csv,method_specific,mw_proj_outputs/tables/mw_proj_all_masks_detailed.csv
MW-proj,30,30,84,MWproj_completed_p30_rep30_seed84.csv,mw_proj_outputs/completed_matrices/MWproj_completed_p30_rep30_seed84.csv,0.3047619047619048,105,32,73,27,18.61393793200841,0.0038106855631468,0.002033437663538,0.9947504045885072,0.939149560117302,412.9545892956023,35.03613391895913,91.51574172387282,35.03613391895913,0.0152788943644227,0.0770024921295805,0.5986631065726553,0.0,0.0,0.0001200741530983,105,27,105,20580,17745,ultrametric,2,32,0,missing_p30_rep30_seed84.csv,method_specific,mw_proj_outputs/tables/mw_proj_all_masks_detailed.csv
MW-proj,50,1,55,MWproj_completed_p50_rep01_seed55.csv,mw_proj_outputs/completed_matrices/MWproj_completed_p50_rep01_seed55.csv,0.4952380952380952,105,52,53,27,11.849043661000906,0.018525886505606,0.0058587812255242,0.8821308046106373,0.827712797746094,328.33199877054994,39.78748070280342,87.88193631696303,39.78748070280342,0.01692001047711,0.0874450125336338,0.6798494621391579,0.0,0.0,0.0001329512338948,105,27,105,20580,17745,ultrametric,2,52,0,missing_p50_rep01_seed55.csv,method_specific,mw_proj_outputs/tables/mw_proj_all_masks_detailed.csv
MW-proj,50,2,56,MWproj_completed_p50_rep02_seed56.csv,mw_proj_outputs/completed_matrices/MWproj_completed_p50_rep02_seed56.csv,0.4952380952380952,105,52,53,27,13.123496934000286,0.0186054568352146,0.0060742707401241,0.8859019231731173,0.7614616238367625,193.9246617668205,38.885550766411214,79.94811468942095,38.885550766411214,0.0162962294914018,0.0854627489371675,0.6644381676487218,0.0,0.0,9.817052409712704e-05,105,27,105,20580,17745,ultrametric,2,52,0,missing_p50_rep02_seed56.csv,method_specific,mw_proj_outputs/tables/mw_proj_all_masks_detailed.csv
MW-proj,50,3,57,MWproj_completed_p50_rep03_seed57.csv,mw_proj_outputs/completed_matrices/MWproj_completed_p50_rep03_seed57.csv,0.4952380952380952,105,52,53,27,12.40010360800079,0.0063012655163253,0.0034931069900597,0.9957411911633198,0.9569708870485784,165.30158187214397,27.043708132228865,83.63977656720407,27.043708132228865,0.0120327008322367,0.0594367211697337,0.4620963705965106,0.0,0.0,0.0001381085611198,105,27,105,20580,17745,ultrametric,2,52,0,missing_p50_rep03_seed57.csv,method_specific,mw_proj_outputs/tables/mw_proj_all_masks_detailed.csv
MW-proj,50,4,58,MWproj_completed_p50_rep04_seed58.csv,mw_proj_outputs/completed_matrices/MWproj_completed_p50_rep04_seed58.csv,0.4952380952380952,105,52,53,27,14.0395663149975,0.0184316952335774,0.005922761115627,0.8736044057444546,0.8522154870656535,265.542934185737,31.363494899149387,88.18891754912528,31.363494899149387,0.0136895552993382,0.0689307580201085,0.5359086517002961,0.0,0.0,0.0001174351602557,105,27,105,20580,17745,ultrametric,2,52,0,missing_p50_rep04_seed58.csv,method_specific,mw_proj_outputs/tables/mw_proj_all_masks_detailed.csv
MW-proj,50,5,59,MWproj_completed_p50_rep05_seed59.csv,mw_proj_outputs/completed_matrices/MWproj_completed_p50_rep05_seed59.csv,0.4952380952380952,105,52,53,27,19.49840354899061,0.0034116376830214,0.0021269631309732,0.996397854551856,0.939383590881926,414.5207645683766,34.854263042556525,91.59167259597989,34.854263042556525,0.014984923200933,0.0766027759177066,0.595555475345017,0.0,0.0,0.0001055463975602,105,27,105,20580,17745,ultrametric,2,52,0,missing_p50_rep05_seed59.csv,method_specific,mw_proj_outputs/tables/mw_proj_all_masks_detailed.csv
MW-proj,50,6,60,MWproj_completed_p50_rep06_seed60.csv,mw_proj_outputs/completed_matrices/MWproj_completed_p50_rep06_seed60.csv,0.4952380952380952,105,52,53,27,15.513237241000752,0.001567971712957,0.0011711493062298,0.999022970514124,0.9619226500469562,445.0037374223942,47.75678878191511,89.268227485338,47.75678878191511,0.0189644118480118,0.1049599753448683,0.8160211853923867,0.0,0.0,0.0001207152300959,105,27,105,20580,17745,ultrametric,2,52,0,missing_p50_rep06_seed60.csv,method_specific,mw_proj_outputs/tables/mw_proj_all_masks_detailed.csv
MW-proj,50,7,61,MWproj_completed_p50_rep07_seed61.csv,mw_proj_outputs/completed_matrices/MWproj_completed_p50_rep07_seed61.csv,0.4952380952380952,105,52,53,27,14.414367811012198,0.0093260191714899,0.00299279867327,0.966352196856884,0.9385298386408264,280.4469909369675,39.84687888268218,85.79165397726159,39.84687888268218,0.0158337603831176,0.0875755579839168,0.6808644000022575,0.0,0.0,9.636816048660297e-05,105,27,105,20580,17745,ultrametric,2,52,0,missing_p50_rep07_seed61.csv,method_specific,mw_proj_outputs/tables/mw_proj_all_masks_detailed.csv
MW-proj,50,8,62,MWproj_completed_p50_rep08_seed62.csv,mw_proj_outputs/completed_matrices/MWproj_completed_p50_rep08_seed62.csv,0.4952380952380952,105,52,53,27,17.696714637000696,0.0092150853350562,0.0031370617438407,0.9682911279411354,0.9503116195680013,225.9461664778173,35.415295789284485,84.32578151629696,35.415295789284485,0.0150483963848013,0.0778358149215043,0.605141852878053,0.0,0.0,7.434170148976269e-05,105,27,105,20580,17745,ultrametric,2,52,0,missing_p50_rep08_seed62.csv,method_specific,mw_proj_outputs/tables/mw_proj_all_masks_detailed.csv
MW-proj,50,9,63,MWproj_completed_p50_rep09_seed63.csv,mw_proj_outputs/completed_matrices/MWproj_completed_p50_rep09_seed63.csv,0.4952380952380952,105,52,53,27,16.233386798994616,0.010452182965746,0.0042054989863999,0.9675447527713774,0.948774865534022,244.93422023245932,82.22017667304317,66.43173150937807,82.22017667304317,0.0277977342458797,0.1807036849956992,1.4048977693683535,0.0,0.0,0.0025789320830672,105,27,105,20580,17745,ultrametric,2,52,0,missing_p50_rep09_seed63.csv,method_specific,mw_proj_outputs/tables/mw_proj_all_masks_detailed.csv
MW-proj,50,10,64,MWproj_completed_p50_rep10_seed64.csv,mw_proj_outputs/completed_matrices/MWproj_completed_p50_rep10_seed64.csv,0.4952380952380952,105,52,53,27,14.240019675009536,0.0201606872052829,0.0073262223645141,0.8530417603181372,0.8249807905745752,282.7949602755306,33.14391356321693,88.27987827968207,33.14391356321693,0.0143395773889606,0.0728437660730042,0.566330700288649,0.0,0.0,0.0001293055821018,105,27,105,20580,17745,ultrametric,2,52,0,missing_p50_rep10_seed64.csv,method_specific,mw_proj_outputs/tables/mw_proj_all_masks_detailed.csv
MW-proj,50,11,65,MWproj_completed_p50_rep11_seed65.csv,mw_proj_outputs/completed_matrices/MWproj_completed_p50_rep11_seed65.csv,0.4952380952380952,105,52,53,27,15.044612110999878,0.0283538724929152,0.0135592903724274,0.8049662525810319,0.8710834115939554,129.36452654450602,48.0753959893661,62.83726515025241,48.0753959893661,0.0190865568405155,0.1056602109656397,0.8214652329870853,0.0,0.0,0.0028348977072559,105,27,105,20580,17745,ultrametric,2,52,0,missing_p50_rep11_seed65.csv,method_specific,mw_proj_outputs/tables/mw_proj_all_masks_detailed.csv
MW-proj,50,12,66,MWproj_completed_p50_rep12_seed66.csv,mw_proj_outputs/completed_matrices/MWproj_completed_p50_rep12_seed66.csv,0.4952380952380952,105,52,53,27,16.064763034999487,0.0176520567198873,0.005712765033192,0.888586398329561,0.8814138137112609,240.5860060990934,42.530600241644045,82.32208060175937,42.530600241644045,0.016458368703296,0.0934738466849319,0.726721199432462,0.0,0.0,8.57322842822262e-05,105,27,105,20580,17745,ultrametric,2,52,0,missing_p50_rep12_seed66.csv,method_specific,mw_proj_outputs/tables/mw_proj_all_masks_detailed.csv
MW-proj,50,13,67,MWproj_completed_p50_rep13_seed67.csv,mw_proj_outputs/completed_matrices/MWproj_completed_p50_rep13_seed67.csv,0.4952380952380952,105,52,53,27,18.040516567009035,0.0185630282540361,0.0061403940469881,0.8795162946551164,0.8293349270041833,267.2828794791261,36.57658825055947,86.31540174894891,36.57658825055947,0.0156660489405952,0.0803881060451856,0.6249848799116401,0.0,0.0,9.078839270070714e-05,105,27,105,20580,17745,ultrametric,2,52,0,missing_p50_rep13_seed67.csv,method_specific,mw_proj_outputs/tables/mw_proj_all_masks_detailed.csv
MW-proj,50,14,68,MWproj_completed_p50_rep14_seed68.csv,mw_proj_outputs/completed_matrices/MWproj_completed_p50_rep14_seed68.csv,0.4952380952380952,105,52,53,27,13.638475651008775,0.0294241069474506,0.0133177648202739,0.7555057710851842,0.7875864424144112,154.06440517823677,43.56984659567947,71.71971907120687,43.56984659567947,0.0163793021582282,0.0957579046058889,0.7444788222409674,0.0,0.0,8.347850945076428e-05,105,27,105,20580,17745,ultrametric,2,52,0,missing_p50_rep14_seed68.csv,method_specific,mw_proj_outputs/tables/mw_proj_all_masks_detailed.csv
MW-proj,50,15,69,MWproj_completed_p50_rep15_seed69.csv,mw_proj_outputs/completed_matrices/MWproj_completed_p50_rep15_seed69.csv,0.4952380952380952,105,52,53,27,18.044365030000336,0.019936223437545,0.0085453379169869,0.8684363051237868,0.8135405105438401,216.2245120902664,44.33560727068112,79.49556835990337,44.33560727068112,0.0180641700734812,0.097440895100398,0.7575633898946944,0.0,0.0,0.0017860652686233,105,27,105,20580,17745,ultrametric,2,52,0,missing_p50_rep15_seed69.csv,method_specific,mw_proj_outputs/tables/mw_proj_all_masks_detailed.csv
MW-proj,50,16,70,MWproj_completed_p50_rep16_seed70.csv,mw_proj_outputs/completed_matrices/MWproj_completed_p50_rep16_seed70.csv,0.4952380952380952,105,52,53,27,11.597246713994537,0.0098042296959384,0.0031291590544158,0.9716557385950124,0.9681550414069836,203.17069504714195,33.514834291582574,83.50410019328523,33.514834291582574,0.0145931028201863,0.0736589764650166,0.5726686300399508,0.0,0.0,0.0001282092110054,105,27,105,20580,17745,ultrametric,2,52,0,missing_p50_rep16_seed70.csv,method_specific,mw_proj_outputs/tables/mw_proj_all_masks_detailed.csv
MW-proj,50,17,71,MWproj_completed_p50_rep17_seed71.csv,mw_proj_outputs/completed_matrices/MWproj_completed_p50_rep17_seed71.csv,0.4952380952380952,105,52,53,27,11.256573172009666,0.0205305372357717,0.0106721143243399,0.8894299718693293,0.8474344745154955,151.1291036163928,66.42575225197149,56.047014994161344,66.42575225197149,0.0248547199795181,0.1459906642900472,1.1350181298990825,0.0,0.0,0.0038288656679022,105,27,105,20580,17745,ultrametric,2,52,0,missing_p50_rep17_seed71.csv,method_specific,mw_proj_outputs/tables/mw_proj_all_masks_detailed.csv
MW-proj,50,18,72,MWproj_completed_p50_rep18_seed72.csv,mw_proj_outputs/completed_matrices/MWproj_completed_p50_rep18_seed72.csv,0.4952380952380952,105,52,53,27,12.781455457006814,0.0366053615123762,0.0186863504031501,0.6380965643905779,0.7726457781951677,157.6974555141698,29.09435912343335,81.55052088280581,29.09435912343335,0.0114041176757948,0.0639436464251282,0.4971358842520527,0.0,0.0,0.0001131301661049,105,27,105,20580,17745,ultrametric,2,52,0,missing_p50_rep18_seed72.csv,method_specific,mw_proj_outputs/tables/mw_proj_all_masks_detailed.csv
MW-proj,50,19,73,MWproj_completed_p50_rep19_seed73.csv,mw_proj_outputs/completed_matrices/MWproj_completed_p50_rep19_seed73.csv,0.4952380952380952,105,52,53,27,13.364205720004977,0.0184227192996129,0.0066704487456951,0.8815214074628742,0.81396738666439,200.42373670041792,54.00044250962118,73.05686272562717,54.00044250962118,0.0210412179280426,0.1186822912299366,0.9227066189404584,0.0,0.0,0.0001943535150613,105,27,105,20580,17745,ultrametric,2,52,0,missing_p50_rep19_seed73.csv,method_specific,mw_proj_outputs/tables/mw_proj_all_masks_detailed.csv
MW-proj,50,20,74,MWproj_completed_p50_rep20_seed74.csv,mw_proj_outputs/completed_matrices/MWproj_completed_p50_rep20_seed74.csv,0.4952380952380952,105,52,53,27,12.370781794001232,0.0093232246725176,0.0029656487925161,0.9689016063567072,0.9377614616238368,254.08704448982317,44.354424045117,82.54361054331775,44.354424045117,0.0183969212257661,0.0974822506486087,0.7578849124880694,0.0,0.0,0.0001146048334599,105,27,105,20580,17745,ultrametric,2,52,0,missing_p50_rep20_seed74.csv,method_specific,mw_proj_outputs/tables/mw_proj_all_masks_detailed.csv
MW-proj,50,21,75,MWproj_completed_p50_rep21_seed75.csv,mw_proj_outputs/completed_matrices/MWproj_completed_p50_rep21_seed75.csv,0.4952380952380952,105,52,53,27,11.697133838999434,0.0160133210556165,0.0061183918214831,0.9044965490930036,0.7918552036199096,342.7727028431815,81.35893535868293,76.2644648527031,81.35893535868293,0.0282912440747892,0.1788108469421603,1.3901817221595998,0.0,0.0,0.002573484682069,105,27,105,20580,17745,ultrametric,2,52,0,missing_p50_rep21_seed75.csv,method_specific,mw_proj_outputs/tables/mw_proj_all_masks_detailed.csv
MW-proj,50,22,76,MWproj_completed_p50_rep22_seed76.csv,mw_proj_outputs/completed_matrices/MWproj_completed_p50_rep22_seed76.csv,0.4952380952380952,105,52,53,27,14.664749094998117,0.0020757419375673,0.0015423262838919,0.9986419908992932,0.967386664389994,260.5265055314581,46.4594107369776,82.16710785637598,46.4594107369776,0.018060826455578,0.1021085950263243,0.7938528613250683,0.0,0.0,9.718624616391652e-05,105,27,105,20580,17745,ultrametric,2,52,0,missing_p50_rep22_seed76.csv,method_specific,mw_proj_outputs/tables/mw_proj_all_masks_detailed.csv
MW-proj,50,23,77,MWproj_completed_p50_rep23_seed77.csv,mw_proj_outputs/completed_matrices/MWproj_completed_p50_rep23_seed77.csv,0.4952380952380952,105,52,53,27,15.754775341003551,0.0167870433133875,0.0049734456257484,0.905699263357437,0.9015623666012124,258.1054448185556,43.90816708551482,82.98828329004,43.90816708551482,0.0178038899925993,0.0965014661220105,0.7502597110779178,0.0,0.0,0.0001210885407826,105,27,105,20580,17745,ultrametric,2,52,0,missing_p50_rep23_seed77.csv,method_specific,mw_proj_outputs/tables/mw_proj_all_masks_detailed.csv
MW-proj,50,24,78,MWproj_completed_p50_rep24_seed78.csv,mw_proj_outputs/completed_matrices/MWproj_completed_p50_rep24_seed78.csv,0.4952380952380952,105,52,53,27,15.48417060400243,0.019960763313605,0.0066664642144362,0.8545916633972184,0.8559719969264918,237.45661205598617,36.98370570172511,84.42506806548504,36.98370570172511,0.015364114199311,0.0812828696741211,0.631941303774459,0.0,0.0,0.0001199968674438,105,27,105,20580,17745,ultrametric,2,52,0,missing_p50_rep24_seed78.csv,method_specific,mw_proj_outputs/tables/mw_proj_all_masks_detailed.csv
MW-proj,50,25,79,MWproj_completed_p50_rep25_seed79.csv,mw_proj_outputs/completed_matrices/MWproj_completed_p50_rep25_seed79.csv,0.4952380952380952,105,52,53,27,12.725955501999124,0.0179759424674518,0.0061848832230682,0.8970912485187227,0.8789379322120722,165.96835971230502,29.806716398634247,82.04072363533496,29.806716398634247,0.0131377662609795,0.0655092668101851,0.5093079469673009,0.0,0.0,0.000134332425963,105,27,105,20580,17745,ultrametric,2,52,0,missing_p50_rep25_seed79.csv,method_specific,mw_proj_outputs/tables/mw_proj_all_masks_detailed.csv
MW-proj,50,26,80,MWproj_completed_p50_rep26_seed80.csv,mw_proj_outputs/completed_matrices/MWproj_completed_p50_rep26_seed80.csv,0.4952380952380952,105,52,53,27,13.666872300993418,0.0299098412486648,0.0153982331792015,0.8004670309199661,0.8820968155041408,133.32629979273065,64.02189070080831,51.981048900076814,64.02189070080831,0.0243108963968864,0.1407074520896886,1.0939433004867207,0.0,0.0,0.0041498790203761,105,27,105,20580,17745,ultrametric,2,52,0,missing_p50_rep26_seed80.csv,method_specific,mw_proj_outputs/tables/mw_proj_all_masks_detailed.csv
MW-proj,50,27,81,MWproj_completed_p50_rep27_seed81.csv,mw_proj_outputs/completed_matrices/MWproj_completed_p50_rep27_seed81.csv,0.4952380952380952,105,52,53,27,13.9016687359981,0.0024568066676865,0.0017527305383816,0.9973029393827144,0.9505677452403312,322.5449964478168,44.21626807068697,86.29144195146722,44.21626807068697,0.0173994410791999,0.0971786111443669,0.7555242386467386,0.0,0.0,0.0001141802053575,105,27,105,20580,17745,ultrametric,2,52,0,missing_p50_rep27_seed81.csv,method_specific,mw_proj_outputs/tables/mw_proj_all_masks_detailed.csv
MW-proj,50,28,82,MWproj_completed_p50_rep28_seed82.csv,mw_proj_outputs/completed_matrices/MWproj_completed_p50_rep28_seed82.csv,0.4952380952380952,105,52,53,27,12.90184441501333,0.0204783202604354,0.0068666278835276,0.8513871604754044,0.8478613506360453,245.33270883288333,47.49646999284442,80.63997653684318,47.49646999284442,0.0186715635478867,0.1043878461381196,0.811573113144325,0.0,0.0,0.0001170039652539,105,27,105,20580,17745,ultrametric,2,52,0,missing_p50_rep28_seed82.csv,method_specific,mw_proj_outputs/tables/mw_proj_all_masks_detailed.csv
MW-proj,50,29,83,MWproj_completed_p50_rep29_seed83.csv,mw_proj_outputs/completed_matrices/MWproj_completed_p50_rep29_seed83.csv,0.4952380952380952,105,52,53,27,12.98412178599392,0.0102931122391802,0.0035856049596689,0.96303151925395,0.9595321437718772,339.41699222953326,33.899715655769754,90.01236931802023,33.899715655769754,0.0146341360173343,0.0745048695731203,0.5792451054490009,0.0,0.0,0.0001112266789445,105,27,105,20580,17745,ultrametric,2,52,0,missing_p50_rep29_seed83.csv,method_specific,mw_proj_outputs/tables/mw_proj_all_masks_detailed.csv
MW-proj,50,30,84,MWproj_completed_p50_rep30_seed84.csv,mw_proj_outputs/completed_matrices/MWproj_completed_p50_rep30_seed84.csv,0.4952380952380952,105,52,53,27,15.521055065008111,0.0162701026595988,0.0068610687416286,0.9157268044268848,0.830188679245283,192.0534682262556,62.979624781034175,67.20724423115404,62.979624781034175,0.0254627398911416,0.1384167577605146,1.0761340822992898,0.0,0.0,0.0010785610310422,105,27,105,20580,17745,ultrametric,3,52,0,missing_p50_rep30_seed84.csv,method_specific,mw_proj_outputs/tables/mw_proj_all_masks_detailed.csv
MW-proj,65,1,55,MWproj_completed_p65_rep01_seed55.csv,mw_proj_outputs/completed_matrices/MWproj_completed_p65_rep01_seed55.csv,0.6476190476190476,105,68,37,27,14.4125362449995,0.0174606852214199,0.0067543856711152,0.8997201124934256,0.8083368324617322,193.60928535727348,60.16084288105071,68.9266747872996,60.16084288105071,0.0232932211889144,0.1322216327056059,1.0279695007590384,0.0,0.0,0.0018984261477519,105,27,105,20580,17745,ultrametric,2,68,0,missing_p65_rep01_seed55.csv,method_specific,mw_proj_outputs/tables/mw_proj_all_masks_detailed.csv
MW-proj,65,2,56,MWproj_completed_p65_rep02_seed56.csv,mw_proj_outputs/completed_matrices/MWproj_completed_p65_rep02_seed56.csv,0.6476190476190476,105,68,37,27,17.35766630200669,0.0310841254244455,0.017181044698074,0.7115199009383295,0.6629385044089017,221.9811529520053,168.68413745543376,24.009702980547598,168.68413745543376,0.0345054571858936,0.3707343680339203,2.882309160941776,0.0,0.0,0.0034784011286158,105,27,105,20580,17745,ultrametric,2,68,0,missing_p65_rep02_seed56.csv,method_specific,mw_proj_outputs/tables/mw_proj_all_masks_detailed.csv
MW-proj,65,3,57,MWproj_completed_p65_rep03_seed57.csv,mw_proj_outputs/completed_matrices/MWproj_completed_p65_rep03_seed57.csv,0.6476190476190476,105,68,37,27,13.14306219399441,0.0120173846169721,0.0076902782445185,0.9676480176214328,0.7947093178608237,178.9414452128175,57.06620270799901,68.10900759176872,57.06620270799901,0.0224574677598978,0.1254202257318659,0.9750913235032668,0.0,0.0,0.0030947106767638,105,27,105,20580,17745,ultrametric,3,68,0,missing_p65_rep03_seed57.csv,method_specific,mw_proj_outputs/tables/mw_proj_all_masks_detailed.csv
MW-proj,65,4,58,MWproj_completed_p65_rep04_seed58.csv,mw_proj_outputs/completed_matrices/MWproj_completed_p65_rep04_seed58.csv,0.6476190476190476,105,68,37,27,15.79577899198921,0.0206813322834256,0.0105084896954529,0.8571748760539387,0.79669427797076,156.15438970663067,79.73019159211063,48.9414343446247,79.73019159211063,0.0288581824293059,0.175231190312331,1.3623513455158065,0.0,0.0,0.0036201029253313,105,27,105,20580,17745,ultrametric,2,68,0,missing_p65_rep04_seed58.csv,method_specific,mw_proj_outputs/tables/mw_proj_all_masks_detailed.csv
MW-proj,65,5,59,MWproj_completed_p65_rep05_seed59.csv,mw_proj_outputs/completed_matrices/MWproj_completed_p65_rep05_seed59.csv,0.6476190476190476,105,68,37,27,16.258131388996844,0.0036980433786573,0.0023114141040987,0.995742865180633,0.9232736572890023,218.99104906557423,29.551139593204976,86.50577741907787,29.551139593204976,0.0128480075976239,0.0649475595455054,0.5049409010866077,0.0,0.0,6.869300449456741e-05,105,27,105,20580,17745,ultrametric,2,68,0,missing_p65_rep05_seed59.csv,method_specific,mw_proj_outputs/tables/mw_proj_all_masks_detailed.csv
MW-proj,65,6,60,MWproj_completed_p65_rep06_seed60.csv,mw_proj_outputs/completed_matrices/MWproj_completed_p65_rep06_seed60.csv,0.6476190476190476,105,68,37,27,16.09695395399467,0.0228298404524585,0.0089681170007584,0.7950329729767937,0.8207046608390273,314.6476718146135,37.852208117439815,87.96997038015844,37.852208117439815,0.0146393724469056,0.0831916661921754,0.6467814215642893,0.0,0.0,6.600526971278173e-05,105,27,105,20580,17745,ultrametric,3,68,0,missing_p65_rep06_seed60.csv,method_specific,mw_proj_outputs/tables/mw_proj_all_masks_detailed.csv
MW-proj,65,7,61,MWproj_completed_p65_rep07_seed61.csv,mw_proj_outputs/completed_matrices/MWproj_completed_p65_rep07_seed61.csv,0.6476190476190476,105,68,37,27,14.077224174005096,0.0165017237391289,0.0066074411676967,0.8894021933921153,0.8292934305454821,339.6099186780827,73.64223830205626,78.31563972315487,73.64223830205626,0.0271875933634125,0.1618510731913324,1.2583263683958008,0.0,0.0,0.0025586257189631,105,27,105,20580,17745,ultrametric,2,68,0,missing_p65_rep07_seed61.csv,method_specific,mw_proj_outputs/tables/mw_proj_all_masks_detailed.csv
MW-proj,65,8,62,MWproj_completed_p65_rep08_seed62.csv,mw_proj_outputs/completed_matrices/MWproj_completed_p65_rep08_seed62.csv,0.6476190476190476,105,68,37,27,14.458387378006591,0.0390865001955132,0.0191636736356875,0.4525346176780605,0.4369584303546207,134.91518162520762,25.46909171035624,81.12214548166344,25.46909171035624,0.0103018012942454,0.0559760257370466,0.4351908689518648,0.0,0.0,0.0001560244360858,105,27,105,20580,17745,ultrametric,2,68,0,missing_p65_rep08_seed62.csv,method_specific,mw_proj_outputs/tables/mw_proj_all_masks_detailed.csv
MW-proj,65,9,63,MWproj_completed_p65_rep09_seed63.csv,mw_proj_outputs/completed_matrices/MWproj_completed_p65_rep09_seed63.csv,0.6476190476190476,105,68,37,27,14.576405429994338,0.028180983237097,0.0116512155119334,0.7472342956923217,0.9260984082146808,114.7604701372256,30.065007240408622,73.80194834993428,30.065007240408622,0.0119656080948638,0.066076938989909,0.5137213676401862,0.0,0.0,7.843733652150444e-05,105,27,105,20580,17745,ultrametric,2,68,0,missing_p65_rep09_seed63.csv,method_specific,mw_proj_outputs/tables/mw_proj_all_masks_detailed.csv
MW-proj,65,10,64,MWproj_completed_p65_rep10_seed64.csv,mw_proj_outputs/completed_matrices/MWproj_completed_p65_rep10_seed64.csv,0.6476190476190476,105,68,37,27,16.01285868299601,0.0277296491799406,0.0117297294715984,0.7506558503436626,0.781158147879528,126.91719603588126,24.996002993093853,80.30526691904922,24.996002993093853,0.0109574349604947,0.0549362703144919,0.4271071927729838,0.0,0.0,8.984699340215384e-05,105,27,105,20580,17745,ultrametric,2,68,0,missing_p65_rep10_seed64.csv,method_specific,mw_proj_outputs/tables/mw_proj_all_masks_detailed.csv
MW-proj,65,11,65,MWproj_completed_p65_rep11_seed65.csv,mw_proj_outputs/completed_matrices/MWproj_completed_p65_rep11_seed65.csv,0.6476190476190476,105,68,37,27,15.905559645005267,0.0399812346650177,0.0211902150469303,0.6012589354500373,0.7197389014009237,70.47476557976532,12.723474040559513,81.94605695259997,12.723474040559513,0.005846957219052,0.0279636792100209,0.2174062501626659,0.0,0.0,0.0003913290448842,105,27,105,20580,17745,ultrametric,2,68,0,missing_p65_rep11_seed65.csv,method_specific,mw_proj_outputs/tables/mw_proj_all_masks_detailed.csv
MW-proj,65,12,66,MWproj_completed_p65_rep12_seed66.csv,mw_proj_outputs/completed_matrices/MWproj_completed_p65_rep12_seed66.csv,0.6476190476190476,105,68,37,27,13.154253318003612,0.0178421758837508,0.0073192002050951,0.8881419969770253,0.8069244569988929,290.55882542734366,47.68102162828437,83.58989042643712,47.68102162828437,0.019436985556019,0.1047934541280975,0.8147265505541461,0.0,0.0,0.0021020561583876,105,27,105,20580,17745,ultrametric,3,68,0,missing_p65_rep12_seed66.csv,method_specific,mw_proj_outputs/tables/mw_proj_all_masks_detailed.csv
MW-proj,65,13,67,MWproj_completed_p65_rep13_seed67.csv,mw_proj_outputs/completed_matrices/MWproj_completed_p65_rep13_seed67.csv,0.6476190476190476,105,68,37,27,13.731065727988607,0.0278062711674571,0.011098977669392,0.7318442975662032,0.8602130014887199,144.5911172285335,30.033266648401995,79.22883008025111,30.033266648401995,0.0129171005124765,0.0660071794470373,0.5131790155228236,0.0,0.0,8.511182273563581e-05,105,27,105,20580,17745,ultrametric,2,68,0,missing_p65_rep13_seed67.csv,method_specific,mw_proj_outputs/tables/mw_proj_all_masks_detailed.csv
MW-proj,65,14,68,MWproj_completed_p65_rep14_seed68.csv,mw_proj_outputs/completed_matrices/MWproj_completed_p65_rep14_seed68.csv,0.6476190476190476,105,68,37,27,12.45332876800967,0.026316344086346,0.0112351405592527,0.7769372210336861,0.788678092911402,105.95667875595667,46.60070279217944,56.01909823965708,46.60070279217944,0.0179254660534655,0.1024191270157789,0.7962671214399778,0.0,0.0,0.0001968638955117,105,27,105,20580,17745,ultrametric,2,68,0,missing_p65_rep14_seed68.csv,method_specific,mw_proj_outputs/tables/mw_proj_all_masks_detailed.csv
MW-proj,65,15,69,MWproj_completed_p65_rep15_seed69.csv,mw_proj_outputs/completed_matrices/MWproj_completed_p65_rep15_seed69.csv,0.6476190476190476,105,68,37,27,17.89418060799653,0.0286308277367057,0.0114393876711957,0.690636933320579,0.7320685574684124,223.89741764607828,18.1434523650972,91.89653344114171,18.1434523650972,0.0081722586887593,0.0398757194837301,0.3100175259623726,0.0,0.0,0.0002095974271197,105,27,105,20580,17745,ultrametric,2,68,0,missing_p65_rep15_seed69.csv,method_specific,mw_proj_outputs/tables/mw_proj_all_masks_detailed.csv
MW-proj,65,16,70,MWproj_completed_p65_rep16_seed70.csv,mw_proj_outputs/completed_matrices/MWproj_completed_p65_rep16_seed70.csv,0.6476190476190476,105,68,37,27,16.230348399010836,0.0353482403899209,0.0174576973619125,0.5991272652466881,0.706264076039241,115.43488224563684,38.02189955803109,67.0620363460645,38.02189955803109,0.0152981432140621,0.0835646144132551,0.6496809425336445,0.0,0.0,0.0005450575309129,105,27,105,20580,17745,ultrametric,2,68,0,missing_p65_rep16_seed70.csv,method_specific,mw_proj_outputs/tables/mw_proj_all_masks_detailed.csv
MW-proj,65,17,71,MWproj_completed_p65_rep17_seed71.csv,mw_proj_outputs/completed_matrices/MWproj_completed_p65_rep17_seed71.csv,0.6476190476190476,105,68,37,27,16.76541456799896,0.0319901258259823,0.0160705934413921,0.6754021474799403,0.7829904187502384,110.8381965057104,27.89052641140771,74.8367193885451,27.89052641140771,0.012014843690628,0.0612978602448521,0.4765659711205965,0.0,0.0,0.0005150654877357,105,27,105,20580,17745,ultrametric,2,68,0,missing_p65_rep17_seed71.csv,method_specific,mw_proj_outputs/tables/mw_proj_all_masks_detailed.csv
MW-proj,65,18,72,MWproj_completed_p65_rep18_seed72.csv,mw_proj_outputs/completed_matrices/MWproj_completed_p65_rep18_seed72.csv,0.6476190476190476,105,68,37,27,17.78119712699845,0.0324104901516863,0.014998752489025,0.665506169530062,0.8115433064854753,143.1488332209613,24.33611763419286,82.99942997325854,24.33611763419286,0.0099920420504684,0.0534859728224018,0.4158317187193895,0.0,0.0,0.0003811839358721,105,27,105,20580,17745,ultrametric,2,68,0,missing_p65_rep18_seed72.csv,method_specific,mw_proj_outputs/tables/mw_proj_all_masks_detailed.csv
MW-proj,65,19,73,MWproj_completed_p65_rep19_seed73.csv,mw_proj_outputs/completed_matrices/MWproj_completed_p65_rep19_seed73.csv,0.6476190476190476,105,68,37,27,12.234087541000918,0.0366319676638543,0.016970493819077,0.4610560534098984,0.4562354468068862,155.33062825701757,25.02524123291336,83.8890491117403,25.02524123291336,0.0097951052420389,0.0550005301822271,0.427606787149508,0.0,0.0,0.0001721155283401,105,27,105,20580,17745,ultrametric,2,68,0,missing_p65_rep19_seed73.csv,method_specific,mw_proj_outputs/tables/mw_proj_all_masks_detailed.csv
MW-proj,65,20,74,MWproj_completed_p65_rep20_seed74.csv,mw_proj_outputs/completed_matrices/MWproj_completed_p65_rep20_seed74.csv,0.6476190476190476,105,68,37,27,11.884923724996042,0.0286206353869808,0.014206014891057,0.7842272678610366,0.8095201740657325,116.6655179470362,96.66940462266322,17.13969446692107,96.66940462266322,0.0256027117832252,0.2124602299399191,1.6517920103797763,0.0,0.0,0.0032168374184524,105,27,105,20580,17745,ultrametric,2,68,0,missing_p65_rep20_seed74.csv,method_specific,mw_proj_outputs/tables/mw_proj_all_masks_detailed.csv
MW-proj,65,21,75,MWproj_completed_p65_rep21_seed75.csv,mw_proj_outputs/completed_matrices/MWproj_completed_p65_rep21_seed75.csv,0.6476190476190476,105,68,37,27,17.03228931799822,0.0218401084152579,0.0105365681292731,0.8591441998832416,0.8029163644692139,129.00614193619032,78.02465516502185,39.51865082236564,78.02465516502185,0.0289322484883371,0.1714827586044436,1.3332088111775278,0.0,0.0,0.0047274236548083,105,27,105,20580,17745,ultrametric,2,68,0,missing_p65_rep21_seed75.csv,method_specific,mw_proj_outputs/tables/mw_proj_all_masks_detailed.csv
MW-proj,65,22,76,MWproj_completed_p65_rep22_seed76.csv,mw_proj_outputs/completed_matrices/MWproj_completed_p65_rep22_seed76.csv,0.6476190476190476,105,68,37,27,13.79283333499916,0.0130481490042346,0.0038268777545342,0.9205777074731546,0.870290491277627,344.6287839183272,42.86926290254063,87.56074219479585,42.86926290254063,0.0167238521097257,0.094218160225364,0.7325079349530383,0.0,0.0,0.0001597043194925,105,27,105,20580,17745,ultrametric,3,68,0,missing_p65_rep22_seed76.csv,method_specific,mw_proj_outputs/tables/mw_proj_all_masks_detailed.csv
MW-proj,65,23,77,MWproj_completed_p65_rep23_seed77.csv,mw_proj_outputs/completed_matrices/MWproj_completed_p65_rep23_seed77.csv,0.6476190476190476,105,68,37,27,16.70151500099746,0.0363607355089209,0.0177523883761192,0.6393327500450577,0.768790319502233,100.49377117054274,12.51735949510568,87.54414393120632,12.51735949510568,0.0056714050088224,0.0275106802090234,0.2138843668870562,0.0,0.0,9.18284064043574e-05,105,27,105,20580,17745,ultrametric,2,68,0,missing_p65_rep23_seed77.csv,method_specific,mw_proj_outputs/tables/mw_proj_all_masks_detailed.csv
MW-proj,65,24,78,MWproj_completed_p65_rep24_seed78.csv,mw_proj_outputs/completed_matrices/MWproj_completed_p65_rep24_seed78.csv,0.6476190476190476,105,68,37,27,13.423468303997652,0.0301865288557435,0.0125837947464609,0.6708934897004599,0.7006909188074969,156.0818791635305,22.41843293288209,85.63674844701619,22.41843293288209,0.0098318556660033,0.0492712811711694,0.383064202663849,0.0,0.0,7.176469495129688e-05,105,27,105,20580,17745,ultrametric,2,68,0,missing_p65_rep24_seed78.csv,method_specific,mw_proj_outputs/tables/mw_proj_all_masks_detailed.csv
MW-proj,65,25,79,MWproj_completed_p65_rep25_seed79.csv,mw_proj_outputs/completed_matrices/MWproj_completed_p65_rep25_seed79.csv,0.6476190476190476,105,68,37,27,16.612068000002182,0.0282521900201762,0.0128263457171342,0.7379554108412837,0.8346375539183875,140.53793017429203,48.44246830423936,65.53068040481166,48.44246830423936,0.0191038897210601,0.1064669633060205,0.8277374048216587,0.0,0.0,0.0010385940699731,105,27,105,20580,17745,ultrametric,3,68,0,missing_p65_rep25_seed79.csv,method_specific,mw_proj_outputs/tables/mw_proj_all_masks_detailed.csv
MW-proj,65,26,80,MWproj_completed_p65_rep26_seed80.csv,mw_proj_outputs/completed_matrices/MWproj_completed_p65_rep26_seed80.csv,0.6476190476190476,105,68,37,27,14.792814311993425,0.0393994636101909,0.0220582410084695,0.6263169685310714,0.7759285414360422,83.22223806717993,36.26036089231556,56.42948118861581,36.26036089231556,0.0150907230871334,0.079693100862232,0.6195814968469602,0.0,0.0,0.0010532749070772,105,27,105,20580,17745,ultrametric,2,68,0,missing_p65_rep26_seed80.csv,method_specific,mw_proj_outputs/tables/mw_proj_all_masks_detailed.csv
MW-proj,65,27,81,MWproj_completed_p65_rep27_seed81.csv,mw_proj_outputs/completed_matrices/MWproj_completed_p65_rep27_seed81.csv,0.6476190476190476,105,68,37,27,16.24457307199191,0.0137225793607081,0.0045567312350242,0.9086530885710232,0.7951673855785012,357.82565619211,30.222116300984347,91.55395490010402,30.222116300984347,0.0123394020339197,0.066422233628537,0.5164058932357479,0.0,0.0,0.0001042154419792,105,27,105,20580,17745,ultrametric,2,68,0,missing_p65_rep27_seed81.csv,method_specific,mw_proj_outputs/tables/mw_proj_all_masks_detailed.csv
MW-proj,65,28,82,MWproj_completed_p65_rep28_seed82.csv,mw_proj_outputs/completed_matrices/MWproj_completed_p65_rep28_seed82.csv,0.6476190476190476,105,68,37,27,11.334974318000604,0.0386124676723347,0.0239885599782006,0.4574129971192976,0.5574302401038287,94.12209065006178,9425137772068.213,-10013736102628.64,9425137772068.213,0.0891659657080909,20714588510.040028,161047513734.0513,0.0,0.0,0.0023116648246217,91,27,91,17836,15379,ultrametric,2,54,14,missing_p65_rep28_seed82.csv,method_specific,mw_proj_outputs/tables/mw_proj_all_masks_detailed.csv
MW-proj,65,29,83,MWproj_completed_p65_rep29_seed83.csv,mw_proj_outputs/completed_matrices/MWproj_completed_p65_rep29_seed83.csv,0.6476190476190476,105,68,37,27,16.383768281011726,0.0156641450946255,0.0054080572190286,0.8929911042755276,0.8243310302706416,306.2282590429136,27.47266256367845,91.0286977924436,27.47266256367845,0.0118932079943894,0.0603794781619306,0.4694259233691912,0.0,0.0,0.0001309888213749,105,27,105,20580,17745,ultrametric,3,68,0,missing_p65_rep29_seed83.csv,method_specific,mw_proj_outputs/tables/mw_proj_all_masks_detailed.csv
MW-proj,65,30,84,MWproj_completed_p65_rep30_seed84.csv,mw_proj_outputs/completed_matrices/MWproj_completed_p65_rep30_seed84.csv,0.6476190476190476,105,68,37,27,12.130188124996494,0.0345535143890493,0.0142297790968149,0.5634873606975614,0.7254056138723056,140.6981896323198,45.75025690801606,67.48340754946945,45.75025690801606,0.0156206329349319,0.1005500151824528,0.7817355359584623,0.0,0.0,8.794969773241985e-05,91,27,91,17836,15379,ultrametric,2,54,14,missing_p65_rep30_seed84.csv,method_specific,mw_proj_outputs/tables/mw_proj_all_masks_detailed.csv
MW-proj,85,1,55,MWproj_completed_p85_rep01_seed55.csv,mw_proj_outputs/completed_matrices/MWproj_completed_p85_rep01_seed55.csv,0.8476190476190476,105,89,16,27,15.036812122008996,0.0436919997736635,0.0285254510482673,0.2772785806871467,0.2768981954375213,60.15651592234568,12566581247522.63,-20889808950512.22,12566581247522.63,0.0623273305412667,27618859884.665123,214725419934.77667,0.0,0.0,1.1709859659636538e-06,91,27,91,17836,15379,ultrametric,3,75,14,missing_p85_rep01_seed55.csv,method_specific,mw_proj_outputs/tables/mw_proj_all_masks_detailed.csv
MW-proj,85,2,56,MWproj_completed_p85_rep02_seed56.csv,mw_proj_outputs/completed_matrices/MWproj_completed_p85_rep02_seed56.csv,0.8476190476190476,105,89,16,27,12.93565186399792,0.0428603483042645,0.0290635947132738,0.3365050356969266,0.3182499148791284,28.341144301387747,12567002960020.484,-44341903863693.99,12567002960020.484,0.0786536869240593,27619786725.319744,214732625744.48816,0.0,0.0,7.791831328975718e-05,91,27,91,17836,15379,ultrametric,3,75,14,missing_p85_rep02_seed56.csv,method_specific,mw_proj_outputs/tables/mw_proj_all_masks_detailed.csv
MW-proj,85,3,57,MWproj_completed_p85_rep03_seed57.csv,mw_proj_outputs/completed_matrices/MWproj_completed_p85_rep03_seed57.csv,0.8476190476190476,105,89,16,27,13.271942403996944,0.0492210687013235,0.0304975668230623,0.0068179235667431,0.0524539368693079,61.40334425072568,101.3897772328496,-65.1209367666507,101.3897772328496,0.0355932912646797,0.222834675237032,1.7324491096342536,0.0,0.0,0.0009027475001132,79,27,79,15484,13351,ultrametric,3,63,26,missing_p85_rep03_seed57.csv,method_specific,mw_proj_outputs/tables/mw_proj_all_masks_detailed.csv
MW-proj,85,4,58,MWproj_completed_p85_rep04_seed58.csv,mw_proj_outputs/completed_matrices/MWproj_completed_p85_rep04_seed58.csv,0.8476190476190476,105,89,16,27,15.947914905991638,0.0449116411792247,0.027960473989578,0.1364333057667699,0.268728373347304,79.25342440142097,122.99389321835204,-55.19063579560207,122.99389321835204,0.0394581227585622,0.2703162488315429,2.1015990626671166,0.0,0.0,0.0034258370391953,91,27,91,17836,15379,ultrametric,3,75,14,missing_p85_rep04_seed58.csv,method_specific,mw_proj_outputs/tables/mw_proj_all_masks_detailed.csv
MW-proj,85,5,59,MWproj_completed_p85_rep05_seed59.csv,mw_proj_outputs/completed_matrices/MWproj_completed_p85_rep05_seed59.csv,0.8476190476190476,105,89,16,27,16.07045031400048,0.0382127330213482,0.0215206561301617,0.3697283449378518,0.6591643300024116,552.2069712798417,63.14237297667526,88.5654516765098,63.14237297667526,0.0223551711919593,0.138774446102583,1.0789149639061746,0.0,0.0,0.0011735848187408,91,27,91,17836,15379,ultrametric,3,75,14,missing_p85_rep05_seed59.csv,method_specific,mw_proj_outputs/tables/mw_proj_all_masks_detailed.csv
MW-proj,85,6,60,MWproj_completed_p85_rep06_seed60.csv,mw_proj_outputs/completed_matrices/MWproj_completed_p85_rep06_seed60.csv,0.8476190476190476,105,89,16,27,12.83078417800425,0.0467952032206268,0.0259853436330176,0.1874248015384959,0.4633562917760614,111.97595043894788,435.2669244746586,-288.7146505730953,435.2669244746586,0.0764367903626014,0.956630603241008,7.437414464651236,0.0,0.0,0.0024025305635754,78,27,78,15288,13182,ultrametric,3,62,27,missing_p85_rep06_seed60.csv,method_specific,mw_proj_outputs/tables/mw_proj_all_masks_detailed.csv
MW-proj,85,7,61,MWproj_completed_p85_rep07_seed61.csv,mw_proj_outputs/completed_matrices/MWproj_completed_p85_rep07_seed61.csv,0.8476190476190476,105,89,16,27,17.800040215006447,0.0456757597380255,0.0292100834640668,0.1268230851445829,0.3858358869594825,71.02324355410404,3141592613271.7144,-4423330245129.526,3141592613271.7144,0.0640941920774627,6904599150.047724,53680454521.53088,0.0,0.0,7.01450100755815e-05,91,27,91,17836,15379,ultrametric,3,75,14,missing_p85_rep07_seed61.csv,method_specific,mw_proj_outputs/tables/mw_proj_all_masks_detailed.csv
MW-proj,85,8,62,MWproj_completed_p85_rep08_seed62.csv,mw_proj_outputs/completed_matrices/MWproj_completed_p85_rep08_seed62.csv,0.8476190476190476,105,89,16,27,21.278150222002296,0.0513262331212903,0.0352456175779938,-0.0234058270110852,-0.0577119509703779,63.14367741632185,3.647879123826539,94.22289091625883,3.647879123826539,0.0016922076779021,0.0080173167556627,0.062331382044689,0.0,0.0,1.576951966322595e-05,105,27,105,20580,17745,ultrametric,3,89,0,missing_p85_rep08_seed62.csv,method_specific,mw_proj_outputs/tables/mw_proj_all_masks_detailed.csv
MW-proj,85,9,63,MWproj_completed_p85_rep09_seed63.csv,mw_proj_outputs/completed_matrices/MWproj_completed_p85_rep09_seed63.csv,0.8476190476190476,105,89,16,27,12.44850657400093,0.044693118260118,0.0246645328014557,0.1767582438282575,0.2905128753429428,55.864315035852094,378.2239398069908,-577.0403245153146,378.2239398069908,0.0662734910479179,0.8312614061692104,6.462719868257911,0.0,0.0,2.530596902203042e-05,78,27,78,15288,13182,ultrametric,3,62,27,missing_p85_rep09_seed63.csv,method_specific,mw_proj_outputs/tables/mw_proj_all_masks_detailed.csv
MW-proj,85,10,64,MWproj_completed_p85_rep10_seed64.csv,mw_proj_outputs/completed_matrices/MWproj_completed_p85_rep10_seed64.csv,0.8476190476190476,105,89,16,27,12.39943526800198,0.0516815647905175,0.0371639525640735,0.2362104666019601,0.1708546135512427,35.7702027221559,539.6665741885909,-1408.704265336254,539.6665741885909,0.0755242490147021,1.1860803828320678,9.221293324328128,0.0,0.0,1.7959245969096008e-05,79,27,79,15484,13351,ultrametric,3,63,26,missing_p85_rep10_seed64.csv,method_specific,mw_proj_outputs/tables/mw_proj_all_masks_detailed.csv
MW-proj,85,11,65,MWproj_completed_p85_rep11_seed65.csv,mw_proj_outputs/completed_matrices/MWproj_completed_p85_rep11_seed65.csv,0.8476190476190476,105,89,16,27,22.08274817200436,0.0480399291248604,0.029706707468724,0.175209548487072,0.3293156281920327,36.49546762654157,11.736836087402912,67.84029127258744,11.736836087402912,0.0052481320066483,0.0257952441481382,0.2005475481304879,0.0,0.0,0.0006277848169772,105,27,105,20580,17745,ultrametric,3,89,0,missing_p85_rep11_seed65.csv,method_specific,mw_proj_outputs/tables/mw_proj_all_masks_detailed.csv
MW-proj,85,12,66,MWproj_completed_p85_rep12_seed66.csv,mw_proj_outputs/completed_matrices/MWproj_completed_p85_rep12_seed66.csv,0.8476190476190476,105,89,16,27,14.113532656003372,0.0199067558269578,0.0111971201022328,0.8494964706114352,0.7183009874021111,300.8745025564229,18850188091817.586,-6265133114090.2295,18850188091817.586,0.0706396730417063,41428984817.18151,322093533168.61755,0.0,0.0,0.0010207136671712,91,27,91,17836,15379,ultrametric,3,75,14,missing_p85_rep12_seed66.csv,method_specific,mw_proj_outputs/tables/mw_proj_all_masks_detailed.csv
MW-proj,85,13,67,MWproj_completed_p85_rep13_seed67.csv,mw_proj_outputs/completed_matrices/MWproj_completed_p85_rep13_seed67.csv,0.8476190476190476,105,89,16,27,8.109727407005266,0.047368986696808,0.0315616026042919,0.1810636025098948,0.3395081192524325,38.962043407955214,18849555708309.15,-48379279061173.45,18849555708309.15,0.1000823387559267,41427594963.31681,322082727619.2216,0.0,0.0,0.0004630316522015,56,27,56,10976,9464,ultrametric,3,40,49,missing_p85_rep13_seed67.csv,method_specific,mw_proj_outputs/tables/mw_proj_all_masks_detailed.csv
MW-proj,85,14,68,MWproj_completed_p85_rep14_seed68.csv,mw_proj_outputs/completed_matrices/MWproj_completed_p85_rep14_seed68.csv,0.8476190476190476,105,89,16,27,21.98032155098917,0.0471052573584775,0.0285308420990254,0.2562583005557538,0.1706332992849847,18.054336746979544,2.55603942403346,85.84251828325358,2.55603942403346,0.0012089489651087,0.0056176690638098,0.0436750957070069,0.0,0.0,8.010632719072691e-05,105,27,105,20580,17745,ultrametric,3,89,0,missing_p85_rep14_seed68.csv,method_specific,mw_proj_outputs/tables/mw_proj_all_masks_detailed.csv
MW-proj,85,15,69,MWproj_completed_p85_rep15_seed69.csv,mw_proj_outputs/completed_matrices/MWproj_completed_p85_rep15_seed69.csv,0.8476190476190476,105,89,16,27,22.57689065299928,0.0372755388385263,0.0219536810719686,0.5311497073096854,0.3620909804952334,75.84104238925232,102.34909541821564,-34.95212116535976,102.34909541821564,0.0326913996005698,0.2249430668532212,1.7488409982590458,0.0,0.0,0.0039975483326372,105,27,105,20580,17745,ultrametric,3,89,0,missing_p85_rep15_seed69.csv,method_specific,mw_proj_outputs/tables/mw_proj_all_masks_detailed.csv
MW-proj,85,16,70,MWproj_completed_p85_rep16_seed70.csv,mw_proj_outputs/completed_matrices/MWproj_completed_p85_rep16_seed70.csv,0.8476190476190476,105,89,16,27,17.06738636799855,0.0392292369001379,0.0207200940893553,0.3988490578119529,0.7462459156503796,28.13361866348759,29.599871918605984,-5.21174781195613,29.599871918605984,0.0085019871298894,0.0650546635573757,0.5057735912853197,0.0,0.0,1.5573858044290267e-05,91,27,91,17836,15379,ultrametric,3,75,14,missing_p85_rep16_seed70.csv,method_specific,mw_proj_outputs/tables/mw_proj_all_masks_detailed.csv
MW-proj,85,17,71,MWproj_completed_p85_rep17_seed71.csv,mw_proj_outputs/completed_matrices/MWproj_completed_p85_rep17_seed71.csv,0.8476190476190476,105,89,16,27,12.591237108994392,0.047186011418686,0.033677230157153,0.2099085278587477,0.3225400068096698,52.58068740296584,508986474.20241255,-968010208.236676,508986474.20241255,0.1156162700818838,1118651.591653654,8697061.854892336,0.0,0.0,8.957154652172686e-06,78,27,78,15288,13182,ultrametric,3,62,27,missing_p85_rep17_seed71.csv,method_specific,mw_proj_outputs/tables/mw_proj_all_masks_detailed.csv
MW-proj,85,18,72,MWproj_completed_p85_rep18_seed72.csv,mw_proj_outputs/completed_matrices/MWproj_completed_p85_rep18_seed72.csv,0.8476190476190476,105,89,16,27,11.4117488089978,0.0485656091943169,0.0305479743782463,0.1987676830570209,0.367846427689756,28.45567116172377,68.61786474045542,-141.1395055504947,68.61786474045542,0.0212349458076606,0.1508084939350668,1.1724747989296331,0.0,0.0,0.0005178798036784,78,27,78,15288,13182,ultrametric,3,62,27,missing_p85_rep18_seed72.csv,method_specific,mw_proj_outputs/tables/mw_proj_all_masks_detailed.csv
MW-proj,85,19,73,MWproj_completed_p85_rep19_seed73.csv,mw_proj_outputs/completed_matrices/MWproj_completed_p85_rep19_seed73.csv,0.8476190476190476,105,89,16,27,17.082228822997422,0.043964894398451,0.0292354310650583,0.2758786063070423,0.3826864147088867,76.61296140822219,210829998.55110976,-275188320.7004211,210829998.55110976,0.0891712283195347,463362.6341782632,3602456.315050684,0.0,0.0,8.66969329257475e-07,91,27,91,17836,15379,ultrametric,3,75,14,missing_p85_rep19_seed73.csv,method_specific,mw_proj_outputs/tables/mw_proj_all_masks_detailed.csv
MW-proj,85,20,74,MWproj_completed_p85_rep20_seed74.csv,mw_proj_outputs/completed_matrices/MWproj_completed_p85_rep20_seed74.csv,0.8476190476190476,105,89,16,27,10.660263941987068,0.0583782719579939,0.0418257620196118,-0.135017427090081,-0.1330966795710192,40.77965570048335,6285802495986.377,-15414064655457.826,6285802495986.377,0.0936835149768928,13814950540.6294,107405630377.30136,0.0,0.0,7.74302939165195e-06,66,27,66,12936,11154,ultrametric,2,50,39,missing_p85_rep20_seed74.csv,method_specific,mw_proj_outputs/tables/mw_proj_all_masks_detailed.csv
MW-proj,85,21,75,MWproj_completed_p85_rep21_seed75.csv,mw_proj_outputs/completed_matrices/MWproj_completed_p85_rep21_seed75.csv,0.8476190476190476,105,89,16,27,7.750807803997304,0.0489860149361871,0.0309860382577321,0.1424761225607999,0.2436279451352296,47.29431292356962,15709016121887.498,-33215444206213.32,15709016121887.498,0.1138037322311957,34525310157.9945,268420266188.10477,0.0,0.0,1.5328204774088317e-05,56,27,56,10976,9464,ultrametric,3,40,49,missing_p85_rep21_seed75.csv,method_specific,mw_proj_outputs/tables/mw_proj_all_masks_detailed.csv
MW-proj,85,22,76,MWproj_completed_p85_rep22_seed76.csv,mw_proj_outputs/completed_matrices/MWproj_completed_p85_rep22_seed76.csv,0.8476190476190476,105,89,16,27,8.702076642002794,0.0325470940194509,0.0185031005576367,0.51858844602618,0.6368612373296235,77.82137368047516,9424988399388.535,-12111053754985.797,9424988399388.535,0.065702095088949,20714260218.436344,161044961400.14774,0.0,0.0,4.9140138441086815e-05,55,27,55,10780,9295,ultrametric,3,39,50,missing_p85_rep22_seed76.csv,method_specific,mw_proj_outputs/tables/mw_proj_all_masks_detailed.csv
MW-proj,85,23,77,MWproj_completed_p85_rep23_seed77.csv,mw_proj_outputs/completed_matrices/MWproj_completed_p85_rep23_seed77.csv,0.8476190476190476,105,89,16,27,17.50593168201158,0.037006261237331,0.0226470227065256,0.4401876394721501,0.4483656792645558,66.82891706434289,3141592632825.539,-4700947988928.183,3141592632825.539,0.0580725451072323,6904599193.023163,53680454855.64746,0.0,0.0,7.374187090837788e-06,91,27,91,17836,15379,ultrametric,3,75,14,missing_p85_rep23_seed77.csv,method_specific,mw_proj_outputs/tables/mw_proj_all_masks_detailed.csv
MW-proj,85,24,78,MWproj_completed_p85_rep24_seed78.csv,mw_proj_outputs/completed_matrices/MWproj_completed_p85_rep24_seed78.csv,0.8476190476190476,105,89,16,27,24.56161016499391,0.0491130252258159,0.0309388036248509,0.1288727650134067,0.0548348655090228,29.58379756190672,7.434757296950217,74.86882040281566,7.434757296950217,0.0033102439892251,0.0163401259273631,0.1270378435674778,0.0,0.0,0.000283604777183,105,27,105,20580,17745,ultrametric,3,89,0,missing_p85_rep24_seed78.csv,method_specific,mw_proj_outputs/tables/mw_proj_all_masks_detailed.csv
MW-proj,85,25,79,MWproj_completed_p85_rep25_seed79.csv,mw_proj_outputs/completed_matrices/MWproj_completed_p85_rep25_seed79.csv,0.8476190476190476,105,89,16,27,22.61773748700216,0.0366081980850136,0.0222320494217151,0.5844981514708374,0.6549029622063332,111.23415295326174,101.6133914247817,8.649107556491654,101.6133914247817,0.0357686607794876,0.2233261349995202,1.7362700097120265,0.0,0.0,0.0026460554202618,105,27,105,20580,17745,ultrametric,3,89,0,missing_p85_rep25_seed79.csv,method_specific,mw_proj_outputs/tables/mw_proj_all_masks_detailed.csv
MW-proj,85,26,80,MWproj_completed_p85_rep26_seed80.csv,mw_proj_outputs/completed_matrices/MWproj_completed_p85_rep26_seed80.csv,0.8476190476190476,105,89,16,27,12.90541484899586,0.0483737388400658,0.0316156713545752,0.1546278509281884,0.202483911724854,36.63225744305606,3141592618010.641,-8576027897973.628,3141592618010.641,0.0698164921189205,6904599160.462948,53680454602.50501,0.0,0.0,0.0002921649121401,78,27,78,15288,13182,ultrametric,3,62,27,missing_p85_rep26_seed80.csv,method_specific,mw_proj_outputs/tables/mw_proj_all_masks_detailed.csv
MW-proj,85,27,81,MWproj_completed_p85_rep27_seed81.csv,mw_proj_outputs/completed_matrices/MWproj_completed_p85_rep27_seed81.csv,0.8476190476190476,105,89,16,27,16.76189360699209,0.0399423708915099,0.0217171830972487,0.295767942842793,0.4158008763904927,142.79418870641666,245.85202501249347,-72.17229023091592,245.85202501249347,0.0561310448117042,0.5403341209065791,4.200878367219406,0.0,0.0,0.0044682117522441,91,27,91,17836,15379,ultrametric,3,75,14,missing_p85_rep27_seed81.csv,method_specific,mw_proj_outputs/tables/mw_proj_all_masks_detailed.csv
MW-proj,85,28,82,MWproj_completed_p85_rep28_seed82.csv,mw_proj_outputs/completed_matrices/MWproj_completed_p85_rep28_seed82.csv,0.8476190476190476,105,89,16,27,5.374968907999573,0.0473185189490438,0.0312796198228383,0.2131981817831363,0.4744393515319455,44.80120543498984,21991656765476.6,-49087198774915.695,21991656765476.6,0.1222251464841241,48333311572.47604,375771869931.5584,0.0,0.0,1.3970725951011573e-05,42,27,42,8232,7098,ultrametric,2,26,63,missing_p85_rep28_seed82.csv,method_specific,mw_proj_outputs/tables/mw_proj_all_masks_detailed.csv
MW-proj,85,29,83,MWproj_completed_p85_rep29_seed83.csv,mw_proj_outputs/completed_matrices/MWproj_completed_p85_rep29_seed83.csv,0.8476190476190476,105,89,16,27,7.936407663990394,0.0536465925023268,0.0392004174088514,0.1574453647062661,0.1342356145726932,50.54726270025915,9425435809061.71,-18646777897555.35,9425435809061.71,0.1382565930243608,20715243536.399364,161052606297.99725,0.0,0.0,2.6317165163876e-05,58,27,58,11368,9802,ultrametric,3,42,47,missing_p85_rep29_seed83.csv,method_specific,mw_proj_outputs/tables/mw_proj_all_masks_detailed.csv
MW-proj,85,30,84,MWproj_completed_p85_rep30_seed84.csv,mw_proj_outputs/completed_matrices/MWproj_completed_p85_rep30_seed84.csv,0.8476190476190476,105,89,16,27,13.3884402160038,0.0394409595755358,0.0221132861497841,0.3635685895091061,0.3262002042900919,98.19335778460108,18849915603145.125,-19196731864895.062,18849915603145.125,0.071134126577096,41428385940.97829,322088877149.3336,0.0,0.0,4.672643266431422e-06,91,27,91,17836,15379,ultrametric,3,75,14,missing_p85_rep30_seed84.csv,method_specific,mw_proj_outputs/tables/mw_proj_all_masks_detailed.csv
